File Path,Defect
./mainnet/35/355cdaa4eba86ae8b1ba42b579f4c75dba36afb7_Crowdsale.sol,Yes
./mainnet/35/353D92db08564500d812DDFD23a668D2F405ED85_R1Exchange.sol,Yes
./mainnet/35/3529Fd3c2EDD0D6147f1dAecC91e16E7A0600826_ECVerify.sol,Yes
./mainnet/58/5852fa5c3bf81a171ecde286c4cd358fad586bba_QubeLaunchPad.sol,Yes
./mainnet/58/58e42d987140345f16b221469b382967b55dbbe9_ForeignBridgeErcToErcV2.sol,Yes
./mainnet/58/585DaD48b917BC178403415747C82A9E63fa7AA8_PawstersNFTCG.sol,Yes
./mainnet/58/584c94adb719be978c0afb052dce15afc43f1881_AidiCraft1155.sol,Yes
./mainnet/58/581416181453cdb892451db4acd476d95fc9fe66_HolyVillains.sol,Yes
./mainnet/58/58d20742781ebab148cd84df197281aa882286fa_MWGImplementation.sol,Yes
./mainnet/58/58594ceb0db0b66759e22ec783bb61d740355d34_BTTSToken.sol,Yes
./mainnet/58/58f4fDF20c1a4CD1610af336Fe3ebCd2bc9d4931_DIORMystery.sol,Yes
./mainnet/58/586d5D66f8A5f563661ac30488CacCCE056cc8b0_OwnbitMultiSig.sol,Yes
./mainnet/58/584ee92eaced80ca000a0e8ded95fe1ba9782bc3_WalletSimple.sol,Yes
./mainnet/58/58dac849964cabc3021648e78eb94cd242abf744_MonsterCompanion.sol,Yes
./mainnet/58/58ea969c48d5d12dad1210d8482af7f69d53f6fe_FckDice.sol,Yes
./mainnet/58/584fc75ca47910150441d0751d031a33297dc085_PolkabridgeLaunchPadV2.sol,Yes
./mainnet/ea/ea1b905898dccb2996f60447692cc4d6156e55fb_ThievesGang.sol,Yes
./mainnet/ea/ea48729091a98e0e42a658fbe815eb0b5e9d38e4_MetaLordz.sol,Yes
./mainnet/ea/EA1e9E0b5E24406c474e090956112d30251630ad_XBOXNFTPass.sol,Yes
./mainnet/ea/ea663d14bf15b201dc5e0c63f718cabe5d03a325_AceDice.sol,Yes
./mainnet/ea/EA1b2A4E2e0781DE2B0bcA8c2Dce86605a06E366_ERC721Opt.sol,Yes
./mainnet/ea/ea72568ce64c9aef7d80817a134929fcf9d98b83_WOONKLY.sol,Yes
./mainnet/ea/eae2e3259d6d56451f4b3bc957ffbfcfaaebcac4_ERC20Token.sol,Yes
./mainnet/97/97bed89e22bbe6295e48e46d37d5d7498af13da8_LetsGoDayMinter.sol,Yes
./mainnet/97/97032cc8acb942626fe640fb2e73a123852ad451_ShogunApes.sol,Yes
./mainnet/97/97857b2020326a954cea75ff5d1e2d1045fde3c4_ClaimableTokens.sol,Yes
./mainnet/97/97c9e0eccc27efef7330e89a8c9414623ba2ee0f_ExToke.sol,Yes
./mainnet/97/970d5e0bd5c4f193fccf7fd579590c5f5c69b2d9_FortuneDao.sol,Yes
./mainnet/a7/a7bf6541c109db78ce67a2897604eebcd36ac1bd_WalletHelper.sol,Yes
./mainnet/a7/a78bbf97033e534c54b0a4fa62aa77b652ae4097_WalletFactory.sol,Yes
./mainnet/a7/a744506fa02ada758abb6c4704418704d7726cb9_PokeXVerse.sol,Yes
./mainnet/a7/a742d5468d7c8c188809e63afe96e15785e376f5_SingleToken.sol,Yes
./mainnet/a7/a70f205302d3F606d4AC963BeDE2c181c05dDEa1_Deployer1.sol,Yes
./mainnet/a7/a7cc3cec0bce2bdee57a6e794a7349d9b6cd9c36_ERC20BridgeGateway.sol,Yes
./mainnet/a7/a7d0043760b936c2416e07203ace2546f1dbc9c0_Wizard.sol,Yes
./mainnet/7a/7aA7d28eB17d3555cE8d0974F9006Fe670F53e1e_StoryBits.sol,Yes
./mainnet/7a/7a23b6531de1ee84163a154953aa020c757cc034_ECDSA.sol,Yes
./mainnet/7a/7a35f50857110732b0b2326d6f18c8e58bf6d5c0_WealthyPenguinIslandClub.sol,Yes
./mainnet/7a/7abc37a70439cb4119f89acd953e5f54776b9381_Signature.sol,Yes
./mainnet/7a/7afb8ba591f0e22486e2e040ee213aeb86413820_UpgraderModule.sol,Yes
./mainnet/7a/7a99cd0e45ebe919ef9e51e36e5040524bb3aeb1_MainlandPortal.sol,Yes
./mainnet/7a/7a848abebea15a4bc2c27a40fa78f44c3daecd2c_TaskRegister.sol,Yes
./mainnet/7a/7aF27dB2Ed4E6875A01a04dB71741D699C661648_MincedMeat.sol,Yes
./mainnet/7a/7ae25da00b621dd70ee662d44ac0270f9c469d44_AquaCultureNFT.sol,Yes
./mainnet/7a/7a6fbdbd987783b33bceac3af9fe8786acfe5ea3_MinerClaim.sol,Yes
./mainnet/7a/7aCbBD35d59c112071FA627e5f64D9CF79755F20_LIMITED_42.sol,Yes
./mainnet/c8/c805949018f8e2e957bd462a0fb52aa76d83c838_FruitLoops.sol,Yes
./mainnet/c8/c8a66fe965F4e1F009C1a43f5C61Ae2672DFCfbb_DigixReserve.sol,Yes
./mainnet/c8/c879b3be587d43811Ab2B81b600040A0C7c84daf_POWNEDCO.sol,Yes
./mainnet/c8/c867d1206c65c9c412a14a414a1b9598fa280f04_KryptoriaTest.sol,Yes
./mainnet/c8/c8cd42a8164e3ae01eb2c5c6e898b33bb35c644e_LittlePigs.sol,Yes
./mainnet/c8/c80bbab86ced62cf795619a357581faf0cb46511_LoopringProtocolImpl.sol,Yes
./mainnet/c8/c8f07cc21577ca3c9c271f75817a0983def0034c_SushiFarmToken.sol,Yes
./mainnet/c8/c8f8fe860EFd824aF1a57F2738890Ceaca63F454_Share.sol,Yes
./mainnet/89/897cfdbab0746967237a0a906b2c0f7dbe866661_ERC721LendingPool02.sol,Yes
./mainnet/89/8940442e7f54e875c8c1c80213a4aee7eee4781c_GenesisProtocol.sol,Yes
./mainnet/89/89f11af4b6c3cbcb4c55f9033fb403483b6430b7_ECDSA.sol,Yes
./mainnet/89/896b14165dacfa284f4005e366b5576c7454d7fb_Teikhos.sol,Yes
./mainnet/89/892f75af87dca2f1f2465db784fe4d851d398717_MonsterCompanion.sol,Yes
./mainnet/89/89bf355004f031e23bc31110a3f90ed7a485fe1c_Toadkens.sol,Yes
./mainnet/89/89AC26C0aFCB28EC55B6CD2F6b7DAD867Fa24639_Median.sol,Yes
./mainnet/6f/6f6bdef147849fa7a673828fbf07fd12813d085b_HomeBridgeNativeToErc.sol,Yes
./mainnet/6f/6f3211e1a8d4963f0a4ef007e868e08560aa8b3b_IONCAirdrop.sol,Yes
./mainnet/6f/6F906b03d5AFdA15118BC0029A4e9c31921e9072_Cryptostamp3_1L1.sol,Yes
./mainnet/6f/6f33a7842ad134b2f4bcbedb34bce299dad56c97_RequestBitcoinNodesValidation.sol,Yes
./mainnet/6f/6fb5d24447a668963315d7a614b1710458ef6bb5_Pumples.sol,Yes
./mainnet/6f/6f9Da097e6c04Fbb4f2dB058ab2f86f039EDEbe9_AhtenaChristmasSe.sol,Yes
./mainnet/6f/6ff9942f565099bf4e395f8d0b6b9e25e675c12b_Feeless.sol,Yes
./mainnet/6f/6f0bb458067038f9c7992dcde2025f0eefb5ecf6_DDFImplementationV2.sol,Yes
./mainnet/6f/6f61dcbffc4e284590765b95cec253aaa28f043c_WnsRegistrar.sol,Yes
./mainnet/6f/6fcc56c41bfdb62fd09bb208c0de9dcc40efeb1a_BankrollLending.sol,Yes
./mainnet/6f/6f3b2f2100875409c5c011bc3bb97ea6e0f671db_ToknTalkToken.sol,Yes
./mainnet/6f/6fc61357f00b7735e5a75156522def9cfb20ee02_Utils.sol,Yes
./mainnet/6f/6fbe1453f684e530b30634a9cf9820078d40d194_GollumTrader.sol,Yes
./mainnet/6f/6f7dbd1f1b238eeb29c3306d7f9ad29c43ae9851_tribepass.sol,Yes
./mainnet/6f/6f1d0e4574eecbab34c083085c3c8856864a6c43_EraxExchange.sol,Yes
./mainnet/6f/6fbc1b8f756f43cfbfd45085380cc375650ff3d6_ZethrSnap.sol,Yes
./mainnet/c5/c55C5D1b2B738F57466072142d3c575B30F00E39_ERC721Sale.sol,Yes
./mainnet/c5/c53af25f831f31ad6256a742b3f0905bc214a430_WALLETSupplyController.sol,Yes
./mainnet/c5/c592fc965cc061618108fa6e095473eee64cd43e_Exchange.sol,Yes
./mainnet/c5/c57cf77281d0a615f38fb6a7fea44cd51ee66351_CryptosparkXMULTIPLE.sol,Yes
./mainnet/c3/c37bd82ec6bc784e61c498aeaf9fd4daae41a23b_CryptoPuzzle.sol,Yes
./mainnet/c3/c3e3bc08a05075eb827227f89666d30be221366f_Zongzi.sol,Yes
./mainnet/c3/c316e173eed7a8b49b0a39904432da6dd022c359_CakeSlices.sol,Yes
./mainnet/c3/C337D5Fd5C9c505895EDCb06ad8425E6529103f0_TransferManager.sol,Yes
./mainnet/c3/c3AB64924E552646a0Fa119DC4Ff1B2cD8Ab2D84_src_common_Libraries_SigUtil.sol,Yes
./mainnet/c3/c3698444A79830c1F9dE4e4d40DEA06F5ACb3353_InvisibleNFT.sol,Yes
./mainnet/63/633cfA9ac099D18C1B33736892427f0a7c1d120a_JPandFriends.sol,Yes
./mainnet/63/630fD418668Ab8121E8e3e45676bCF4C859320B3_SpaceCadets.sol,Yes
./mainnet/63/633cb544b2ef1bd9269b2111fd2b66fc05cd3477_AugmintReserves.sol,Yes
./mainnet/63/63d85ec7b1561818ec03e158ec125a4113038a00_KryptoriaAlphaCitizens.sol,Yes
./mainnet/63/63cef38c75d9805a36d92fa291bae781b41861e1_R1Exchange.sol,Yes
./mainnet/63/63c0bcc3a59d099ea1da652eb8fd0999c94de8c8_BigBugs.sol,Yes
./mainnet/65/65ec659cf37ad5b4c2b79f05f3c669544a9dba3e_Golomtrader.sol,Yes
./mainnet/65/65d9992C0cDCcFA1C786E85beD5592127D14DeEA_WrappedHydra.sol,Yes
./mainnet/65/659536686a178ec5883555761c73aeaa9ef8abc4_BTTSToken.sol,Yes
./mainnet/65/65cfac6e114860410147cb164a69b54e17180112_RC_KYC_ADV.sol,Yes
./mainnet/65/655af27fd486ac6acb67ccf760e180421930276f_MiningPool.sol,Yes
./mainnet/65/651aa5ea257af3d6fd08aedca8c5a446edb7b7a6_Exchange.sol,Yes
./mainnet/65/652efdD22AA3E3b8fb615bf9eFeDc7286a65b65e_ServiceVoucher.sol,Yes
./mainnet/65/65fafd78795c4bb2734633a000c122be0e3e6f37_OfficialGuardian.sol,Yes
./mainnet/f9/f9d53E156fE880889E777392585FEb46D8D840f6_DinoBabies.sol,Yes
./mainnet/f9/f9bb55b6a14acd32066182f0f5f0296073f5d054_DappLogic.sol,Yes
./mainnet/f9/f9cc20dbb497d6a1ab7e08f50edeb0f0bf156110_CrowdFundingCore.sol,Yes
./mainnet/f9/f946bCEa25F1102314fE0A65D94A2F729418aef1_CloneableWallet.sol,Yes
./mainnet/f9/f9bb5cb42d6b65ec6dc796eee939700a19e16cf2_SNUFFY500.sol,Yes
./mainnet/f9/f91546835f756da0c10cfa0cda95b15577b84aa7_LedgerChannel.sol,Yes
./mainnet/f9/f914a08de7b725301e42612c17263d5d85de4f5c_BlindBoxFactory.sol,Yes
./mainnet/f9/f902312a2c54b6c3d3a5e13f31404b6026343d8b_YetiFrens.sol,Yes
./mainnet/ee/ee95409931806793c0680ed1de58bab542c2a928_ETHVtoMerkleNetworkSwap.sol,Yes
./mainnet/ee/ee7391c8a24e256ef73108caaf8d806d501e649c_Match.sol,Yes
./mainnet/ee/Eecc64A27f8E992e1bE0dD8968dd5764785ba994_TransferManager.sol,Yes
./mainnet/ee/EeE4f8dB4410beBD74A76cB711D096c5E66d0473_XDaiForeignBridge.sol,Yes
./mainnet/ee/Eea04d993b7ee38FDfb6CcaFa55Bf727163Ec30a_Proxime.sol,Yes
./mainnet/ee/ee0cb776c601a5858d92be69884cd76b74cb1c74_BTTSToken.sol,Yes
./mainnet/ee/EE6BD04C6164D7F0Fa1cb03277C855639D99A7F6_DailyAction.sol,Yes
./mainnet/ee/eee901ac8e919f92ed0a27813307b4ad3a32be1f_HomeBridge.sol,Yes
./mainnet/ee/EE44beaB3B84342Dc97A56C7C7760E1878d00d8A_CheesePriceOracle.sol,Yes
./mainnet/ee/ee95cd26291fd1ad5d94bced4027e396a20d1f38_Dollar.sol,Yes
./mainnet/92/929C3811906F006AD50Dbd5a104b1C17eEA85767_TropyverseLand.sol,Yes
./mainnet/92/922018674c12a7f0d394ebeef9b58f186cde13c1_UniswapAnchoredView.sol,Yes
./mainnet/92/9232ef1597c02400b3efe443311f3bb55c9915b6_ClassyApe.sol,Yes
./mainnet/a2/a2abf3474be8dd25e40ff10a339354bda083e892_DP.sol,Yes
./mainnet/a2/a237737e9c206e5b031e530dc980f0c6202534f7_DigixReserve.sol,Yes
./mainnet/a2/a282D5Ec022cB37Ceb136427b1200b48090841cF_flipperthebird.sol,Yes
./mainnet/9b/9bbf04cae7b64767c1c900e2cfaef24af5e77b73_PhantomClub.sol,Yes
./mainnet/9b/9b4c64a7e4b76dc83999d9c517db909a6d39648e_DOGS.sol,Yes
./mainnet/9b/9bF7D6109B670c469EDB65ff290c781DeEcb43DA_Ticket.sol,Yes
./mainnet/9b/9bC2ddA2fd343CA1182aA2481154CD8611da3618_EthereumBridgeStorageTokenV2.sol,Yes
./mainnet/9b/9bb26200691a21E8f737424e6d800609e3C5b2fe_SwordAndShield.sol,Yes
./mainnet/9b/9bF5849a45EAf266b395aff563600f08F6480f5b_VersaceMysteryBox.sol,Yes
./mainnet/9b/9b582187b1984076730adb22ae53dd045a4ddf93_Teikhos.sol,Yes
./mainnet/75/7502931720447014d198e3405bb1c067ee641102_DEFIGOLD.sol,Yes
./mainnet/75/75107da357d5b659ed229e6a1e71d0055b30dbbd_MultiSigWallet.sol,Yes
./mainnet/75/75aaed496064ddb9e9ef74698268f912bcfc740d_ESW.sol,Yes
./mainnet/75/75422c02752C86Cde052c580aBCd5E0A0F5F9968_RaffleSignatureVerifier.sol,Yes
./mainnet/98/9871078deaa3df0b8f116ee1c6018adde5c1732a_ForeignBridgeErcToErc.sol,Yes
./mainnet/98/98f4Cd47B5E2DB550077a7d5d33aea9e2088dd4c_BitbonesNemesis.sol,Yes
./mainnet/98/988f82a8520ad304568e2c0a4e4d558f6ed50bee_MetaGirlfriends.sol,Yes
./mainnet/98/98ca85c59dee34dbc26667eac04f13e39f5f765a_Cryptex.sol,Yes
./mainnet/98/98D44Dd4700Efba22ec68a4195D29732006b26F5_DEMOONE.sol,Yes
./mainnet/98/989a2ad9acaa8c4e50b2fc6b650d6e1809b9195b_CloneableWallet.sol,Yes
./mainnet/84/843EcfdB484fAeE8fD9F355Ea4CBD0ff242F8F81_MultiSigBridge.sol,Yes
./mainnet/84/8455e58049e649D4E6eBaa188718098c1a1120ca_Gambler.sol,Yes
./mainnet/84/84b7d95165328d790a34cc5d7ecf528be55c65ed_DiceGame.sol,Yes
./mainnet/84/84e1d157d3007f79afa3b724a0163bfac7f9e86d_w3UniswapRouter.sol,Yes
./mainnet/84/84e5c791e2752c5db20aa0eb0073e0e9567b3c43_MultiHandler.sol,Yes
./mainnet/84/8485e231a5f6176101313b2e097de898d77baa05_AOW_Character_Base.sol,Yes
./mainnet/84/84cb50CA45279397CD03Fb94232D52078790F8e6_SingleAssetStaking.sol,Yes
./mainnet/84/844ce6F1BDd5189bB6E3dD1327C4fB1Fb9994794_AlliMetaBuilding.sol,Yes
./mainnet/49/49486814d8DC7dB8DE95Ee9B65acA621d392096F_BasicRelay.sol,Yes
./mainnet/49/496d00092e63608bae5ba52d08bab580d8509615_SCTToken.sol,Yes
./mainnet/49/499197314f9903a1ba9bed7ee54cd9eee5900e49_Ethernext.sol,Yes
./mainnet/49/49907029e80de1cbb3a46fd44247bf8ba8b5f12f_NFTMTG.sol,Yes
./mainnet/49/4969dccf5186e1c49411638fc8a2a020fdab752e_JobLib.sol,Yes
./mainnet/49/49102622791a58abe990a0ac68ec3f4366c5b2b1_Eagle.sol,Yes
./mainnet/00/003f26641e8a597eeabf0c9c10fc580a1b43628a_THEJIMS.sol,Yes
./mainnet/00/000000777697bdb425a417495743088dc664b10b_CryptoBlobs.sol,Yes
./mainnet/00/003A6eaF755C738D60e82D9e4C8eB2FB05B5d338_PartyPandas.sol,Yes
./mainnet/00/0000000000001b6ce5744c85c1756959a5deb163_SmartWallet.sol,Yes
./mainnet/00/00934d7aAb087b952635CB8d883295d824249998_StreamA.sol,Yes
./mainnet/00/000000000ca5171087c18fb271ca844a2370fc0a_MerkleNetworkERC20.sol,Yes
./mainnet/00/00c83aeCC790e8a4453e5dD3B0B4b3680501a7A7_OCECDSA.sol,Yes
./mainnet/00/0000000020e0a4bc775eb0cbefc7cfbeafc88444_LogOfClaimedMEVBlocks.sol,Yes
./mainnet/00/00677Ec3E34d9eb794f2eBA943f43BF0639cCE5D_SigningLogicLegacy.sol,Yes
./mainnet/00/00c8162c86a977edc10c641636bdff1c59327983_Payments.sol,Yes
./mainnet/28/28e5552e8F51DE209e18CDDf90D2A4F260f26216_Pass.sol,Yes
./mainnet/28/28680b03ea695af7379558e2a14365c775d65540_DharmaSmartWalletImplementationV14Staging.sol,Yes
./mainnet/28/2897c7fbf55e56d9c27852eab8ff5b3ffe59ccd4_CaliPlug.sol,Yes
./mainnet/b2/b2dbeb75051ff6eaadc485d1ff10ff788c0d567c_ANTv2Migrator.sol,Yes
./mainnet/b2/b2d737f65583b615531cbaf588b0ff7c6707eb34_Afronifty.sol,Yes
./mainnet/b2/b2f71443bbdf67d35a3e6915121c118200e5b15b_BCNTToken.sol,Yes
./mainnet/b2/b20c3cf7d0cdd4fe31ffd1923420c6d9f6662076_Address.sol,Yes
./mainnet/b2/b2fd6574bbc7f18d9ebfeca4f7a11dfe4b09d740_DfTokenizedDeposit.sol,Yes
./mainnet/b2/b295531decfb26e98b963e9256ea61fb4baea22d_TDJSyntheticNft.sol,Yes
./mainnet/b2/b252ede1f002c78718d28ea720239efdee9e1688_Catlantic.sol,Yes
./mainnet/d9/d9ab3ef50810812380c6afb7ea5f8369cc9c06bb_PharaGoddess.sol,Yes
./mainnet/d9/d95056dd46a74dd365bce971cd7f6f6b46e958e0_RefundVault.sol,Yes
./mainnet/d9/d9256751dbf90f3558e7f344d903251ffacfdd0b_Grid.sol,Yes
./mainnet/d9/d939ea559ff89aa1932184fe58b24300ae3b2a2a_Rafflestore.sol,Yes
./mainnet/d9/d989b2df7d86613ea440ffa33394dc7ba48d6c31_Crowdsale.sol,Yes
./mainnet/d9/d9FBe72bd4D89bE2DCDB73818d4a7c1CD3715F18_ERC721Main.sol,Yes
./mainnet/2f/2f73b6567b866302e132273f67661fb89b5a66f2_MedianWSTETHUSD.sol,Yes
./mainnet/2f/2f9cc1042d889353caf2e346b63ccfec985ae515_LavaWallet.sol,Yes
./mainnet/2f/2Fb3C22230c39496eDc13c16d09F34368346Ac1D_ISmartCert.sol,Yes
./mainnet/2f/2fbecab12cada3f01dfcab0c68ca0c5b08c0a080_BridgedERC1155.sol,Yes
./mainnet/2f/2f13fa06c0efd2a5c4cf2175a0467084672e648b_MarketPlace.sol,Yes
./mainnet/2f/2fee8eb51a7a0e64e88cf033957abcbd60c1257e_ETHPortal.sol,Yes
./mainnet/2f/2f23228b905ceb4734eb42d9b42805296667c93b_Coinchangex.sol,Yes
./mainnet/e2/E2d8707a7F994159BBCb196eB3d4212856597561_BridgeContract.sol,Yes
./mainnet/e2/e2464b0853557f62c2d2af17eb45ef5dAc783E6b_MintySwap.sol,Yes
./mainnet/e2/E2E8Badc5d50f8a6188577B89f50701cDE2D4e19_StakedTokenV2Rev4.sol,Yes
./mainnet/e2/e2612b9bc5cc0abf3fd35400cc2e49b3d426c56f_BITOXAirdrop.sol,Yes
./mainnet/e2/e282de82d08e6b002127e203681d16222069a9f0_C86Cybank.sol,Yes
./mainnet/e2/E2C2F8F3eE27C940dD167bd89E27cA219d27Becd_Emirates.sol,Yes
./mainnet/86/867ffb5a3871b500f65bdfafe0136f9667deae06_LocalEthereumEscrows.sol,Yes
./mainnet/86/86dae30c437872fe12151a2b0542eb3fb696bba2_Airdrop.sol,Yes
./mainnet/86/862cb35ed986062e898f180e43cecb47223843a6_testSwap.sol,Yes
./mainnet/86/86e40392a5e1fd61fb6be0e87c904874fce2f212_ItsSomething.sol,Yes
./mainnet/86/869bdbb21bf8703353c16e2f3a19f937d14ea7c5_FishFactory.sol,Yes
./mainnet/86/86a635eccefffa70ff8a6db29da9c8db288e40d0_TokenAEur.sol,Yes
./mainnet/86/86544696db2047479a65777f75f9a9c0b7822f14_COINRUNNERSNFT.sol,Yes
./mainnet/d7/d7320b32c3ec33577e4b88241438220b4cda2d5a_CertificateRedeemer.sol,Yes
./mainnet/d7/d73ca0d13e2bba8fbc6cfe60c8fd5753563da1de_NftPresale.sol,Yes
./mainnet/d7/d7ac080800566d42ab9789a99b7ed0dd5ecbe594_PsychonautApeDivision.sol,Yes
./mainnet/d7/d7e61aef5d00000a374f230d5a1e7237a93299f9_SOLA_Claims.sol,Yes
./mainnet/d7/d7dbe6f13b002ebed312f7ffb6164475426bdd96_ZeroGravityToken.sol,Yes
./mainnet/d7/d78b76fcc33cd416da9d3d42f72649a23d7ac647_LilHeroes.sol,Yes
./mainnet/d7/d796a8754D7bc88EF6258E48d1D0Fc2Af0e533c7_TccBuyer.sol,Yes
./mainnet/b0/b067057d13399f8a6837675f41d6cbff5714cb86_Sandstorm.sol,Yes
./mainnet/b0/b078c6c920bd68d3cdc9ab9e544b5bf0f45ead4e_TokenLab.sol,Yes
./mainnet/b0/b013e372de66209653a215D8868EC8772Aa4a52C_SecretVerseNFTDistributor.sol,Yes
./mainnet/b0/b04ded6cd23934f78cb8dedd948a533d0531d66a_Exchange.sol,Yes
./mainnet/70/7035796ed535e1D338bBE1C75F9a75b2997d9A51_ttTreasures.sol,Yes
./mainnet/b0/b00e27f33adbdc7d3e57c52f540f2e4abf8c7c79_FitNest.sol,Yes
./mainnet/b0/b009C64bDD73AE4A2F32b16F5319A4597303F808_KingdomWarriorsEverlight.sol,Yes
./mainnet/70/703af847700fb4ec3087189901d3541752c4bbb0_IssuanceManagerBeta.sol,Yes
./mainnet/8a/8a327252f093C0b1f83996aE64260e584dDf784D_MintableERC721New.sol,Yes
./mainnet/8a/8a3dade41042aabcbce00c3cbab5aea99129dad5_Futbots.sol,Yes
./mainnet/f1/f126c18f9f0995beccb8dbcbf9ffa769a218157d_klever.sol,Yes
./mainnet/f1/f1c525a488a848b58b95d79da48c21ce434290f7_ExchangeV2.sol,Yes
./mainnet/8a/8a4416453340ECF6c489eFf3030EDb632b0087B2_@openzeppelin_contracts_cryptography_ECDSA.sol,Yes
./mainnet/e1/e1d26f05edac447b752a4d6ba6d24fefebf79f4f_Identity.sol,Yes
./mainnet/e1/E12f8976d7aFC4f90FB85bacfbb9145D13DAF556_CrossTowerNFT1155V2.sol,Yes
./mainnet/19/191898dD4ccAeb37ab5D45A7D6b4D959fC56b96d_The_Starry_Night_Animated.sol,Yes
./mainnet/e1/e104d65eccdde29dada6b0d22db19942453ff2b0_NFTBroker.sol,Yes
./mainnet/e1/e190ec9b42c278c32056b5563e1892065efd2bf1_Utils.sol,Yes
./mainnet/e1/E18898c76a39ba4Cd46a544b87ebe1166fbe7052_R1Exchange.sol,Yes
./mainnet/e1/e1ec38ec1575ccaa3281f0b26cc7a18b8366674a_TokenLoot.sol,Yes
./mainnet/e1/e1f739ab3243289b0c66b99f630e3f2dd99e3d5a_CryptoDocs.sol,Yes
./mainnet/a3/a38b4687566fdbf014cad8be1a5522b11fa0009e_NFTownPlaces.sol,Yes
./mainnet/d1/d1A53bFbFF6E36b1E1436b2029582e6Bc86E2816_CBZ_Staking.sol,Yes
./mainnet/a3/a352c64dd89db7b40da3bdd887de581009c9180f_Trade.sol,Yes
./mainnet/a3/a3bc552a3475bc43b0c3cc46be25a07e0bef08a7_LifesAJoke.sol,Yes
./mainnet/d1/d1ceeeefa68a6af0a5f6046132d986066c7f9426_Dice2Win.sol,Yes
./mainnet/a3/a36972e347e538e6c7afb9f44fb10dda7bba9ba2_ECDSA.sol,Yes
./mainnet/d1/d18e2A433664F9459CCCbd4bEe0057A7BC57E707_@openzeppelin_contracts_cryptography_ECDSA.sol,Yes
./mainnet/a3/a3951a90d60eaaffa28e5b32610e12bfe85bbfb4_WWHangover.sol,Yes
./mainnet/2c/2c8eab1b7c57a6f9f81f761b26b71f99b25ff59c_BMICOAffiliateProgramm.sol,Yes
./mainnet/2c/2cc2728536f353f4c27e36ad29b7afbb697586b5_ROYAEDITIONNFTS.sol,Yes
./mainnet/d1/d1a0554b7b9d0d1f214bc44dd1a114a6df3cabde_FabledFractals.sol,Yes
./mainnet/2c/2ce8e90200c02EE7f82f99708dC0DFEe9C292Bd7_BvbBox.sol,Yes
./mainnet/bb/bb4b8d9936bb2ae413f02e4aabdbee72c9768dd8_FortuneDao.sol,Yes
./mainnet/bb/bb04aafd02b6cafb86d163861899aea34ebdcb46_DVN.sol,Yes
./mainnet/2c/2C0e3E45B2b88A3AA843f109F41c208D20D6FEFC_MultisignatureWallet.sol,Yes
./mainnet/2c/2C2B2455F9783E21e6245E62910040478B361144_IndoorFactory.sol,Yes
./mainnet/2c/2c90978d2eac7f147675780cad46f2c1257af82e_RealBoyBotClub.sol,Yes
./mainnet/bb/bbdc72540f083ceee5475b7f58e3809e57394ca5_CloudToken.sol,Yes
./mainnet/0a/0a9ae124f7f6493a7adb39a309fc2c9a24a87425_Main0004_adjustInterest.sol,Yes
./mainnet/0a/0ab6e894c973932b64974bf9e91e93332e51a98c_EvaCurrency.sol,Yes
./mainnet/cb/CB876f60399897db24058b2d58D0B9f713175eeF_@openzeppelin_contracts_cryptography_ECDSA.sol,Yes
./mainnet/cb/cb2e9fa32603cdc2740b82a9a67ed3e977c33416_GnosisSafe.sol,Yes
./mainnet/cb/cbefaf199b800deeb9ead61f358ee46e06c54070_LoanManager.sol,Yes
./mainnet/24/24ad679dc8d1f58adb2666f3ab848772bbad3df3_ERC721LendingPool02.sol,Yes
./mainnet/24/243614cd87eC957c144a9f52098e63256c13ee91_ControllerImpl.sol,Yes
./mainnet/4b/4b237a080652f52a4b1d8c71c6b6bba3d7868fab_Trade.sol,Yes
./mainnet/4b/4b77FEe6E945f625143D80867394AB2FDBFdA024_Transaction.sol,Yes
./mainnet/21/21EBB29D77f9e0BA087C7cB4e00ec89911c8f8D5_EthereumBridgeStorageToken.sol,Yes
./mainnet/59/59d2f3119d0eb74350acdb3ae9c03654f422555f_Archem.sol,Yes
./mainnet/e1/e17dbb844ba602e189889d941d1297184ce63664_InstantTrade.sol,Yes
./mainnet/e1/e1aa65b61c5f6b0405a0d82f5582f8a278383a9f_AuctionERC20TransferProxy.sol,Yes
./mainnet/8b/8b384e1058e4564fff61a1b7cb0c2eff3c0e8e21_SolFlowers.sol,Yes
./mainnet/8b/8bca0fae90bb282266dce802bbbd3ab155c98002_Nothing.sol,Yes
./mainnet/d1/d14d0ec899Cf2DBf30907B33b434eD0C7dD9C43E_SkulSerum.sol,Yes
./mainnet/d1/d1b7acfac9da87836de66942f50eb2cd4f7ebb9c_Trade.sol,Yes
./mainnet/2a/2a15ae3f5e03c9a23e08072dda8cfd2914b9c95f_Nebula7.sol,Yes
./mainnet/d1/d1bdf85db6af63f45211db95928d938abcc52dc8_Claim_Codes.sol,Yes
./mainnet/2a/2a9941aa88EA762987265b860eAa2540C74fDD04_WSK.sol,Yes
./mainnet/2a/2a86c5466f088caebf94e071a77669bae371cd87_FeralfileExhibitionV3_3.sol,Yes
./mainnet/2a/2A4d04f4e882A2800B14352162193A5ff3047202_PixelFoxes.sol,Yes
./mainnet/bb/bb6f8005c97e2713c4a36fafe70a6b13d866144a_CrankyCrocz.sol,Yes
./mainnet/bb/bbe0f03a099864b3a1aa1e601b9184016f847e51_MONKEY.sol,Yes
./mainnet/e3/e372ED8d188517eF4d4bC464C0c068d2002E2903_src_contracts_common_src_Libraries_SigUtil.sol,Yes
./mainnet/cb/CB53113E417c143f02A78A9F4B45037d5A7104E5_MyNFT721.sol,Yes
./mainnet/e3/e38251813b08c2c048b0582a52501aca5df0baab_Cryptostamp3L1.sol,Yes
./mainnet/e3/e3d6e749eC3504c478080d2878452FaE06b77dC0_TccBuyer3.sol,Yes
./mainnet/9d/9d160e257f1dff52ec81d5a4e7326dd82e144177_Exchange.sol,Yes
./mainnet/15/15ada2a8e62134806a86db3030fefc0a2a13cc99_SaleClockAuction.sol,Yes
./mainnet/15/15e90976b01cbc38e203cf9f367fba6f3462b5ff_LiabilityFactory.sol,Yes
./mainnet/4b/4bd6ea99e18c9954cbe0ef4b4af16c7254c10473_CrazySeaFork.sol,Yes
./mainnet/21/211c2beEb5be3B8fA44CEFb96cff3f92aD58B941_DragBear.sol,Yes
./mainnet/15/157372F9d3c94609ADfb967741A0aFc0c1db1BBF_src_common_Libraries_SigUtil.sol,Yes
./mainnet/21/21fcf6e1046f7de62557e64470447f8e516919ac_EvaCurrency.sol,Yes
./mainnet/b8/B81F5B60E186CF84ab21E43064B4deFD77E96d4D_Version.sol,Yes
./mainnet/59/59a79e83a2bc84abe2839f8cd779181b551e6b89_WeAreLand.sol,Yes
./mainnet/59/59dbdd6d7365c52da6862213693565ca299039fb_FluffyWorld.sol,Yes
./mainnet/59/59ad566f89a4890bb3e7e1e1f8fbbdcc35025296_ETH2PosPay.sol,Yes
./mainnet/8b/8b8951faa4985d83d5805c34cf2b60fa8ddd7257_KRLRacers.sol,Yes
./mainnet/78/781b4b6e093946c8f0215f477e993b7dd492810e_Address.sol,Yes
./mainnet/78/78b1d16dba0bd415fd8a9649171a1975642b380a_Eloms.sol,Yes
./mainnet/78/78e6ceb9f8bf870c0f1c784baa99d982255dea0d_MisphitsStore.sol,Yes
./mainnet/2a/2a6ba34b90aa8a98c5a13bd1ca234ee125abec3b_HightableVIP.sol,Yes
./mainnet/78/7802c1b6a402ee98e19f4101053cb982e1a893cb_SuburbanColors.sol,Yes
./mainnet/2a/2AFB6e5aFFe6F823Afa061ED66B3079a8bDCa29d_EmiliasCollectionBorn2018.sol,Yes
./mainnet/61/615b30dd74ef71fcafed85d32aa1e046d1008eed_collectibleds.sol,Yes
./mainnet/61/61bee3dc3536800716798b11497051cddaf207c1_RC.sol,Yes
./mainnet/e3/E33Ad979dA2dC94EA66f0faaFbE269937A550D0c_HighReplyGuys.sol,Yes
./mainnet/e3/e3fe234c49d1bc2250a825bc6487240add3a4b83_EmeraldRise.sol,Yes
./mainnet/61/61fa58d7ef40d6f6853740330b62ccad34f8bc04_EthWrapperForBucketLender.sol,Yes
./mainnet/61/6191bc3D66e769B920eD8a21Ee6855661466b0DB_Charm.sol,Yes
./mainnet/e3/e3050daeca9ef42e2549ba8d9cfb89d9080846d5_CNYToken.sol,Yes
./mainnet/36/36d079c175026a046da91e1b3912a4345812340d_Strangers.sol,Yes
./mainnet/9d/9dfbee1c9f848ae209ff258b7f9d924561ff4a66_CiviPortWrappedBridge.sol,Yes
./mainnet/9d/9d1730e92fcc694da6270a7a2e9710ca5df5927e_YunJiaMi.sol,Yes
./mainnet/26/2612bb62eaa42991d12be0892c27040d4143e037_ToknTalkToken.sol,Yes
./mainnet/15/150f1a8E93142A715568622986b14870fA55b44b_AquaCultureNFT.sol,Yes
./mainnet/15/15B95C13bc3F5c1d90c6bAB851625A618A97f35F_MyNFT1155.sol,Yes
./mainnet/26/26b11665c089040063fa36326c104a33c689288b_Lamour.sol,Yes
./mainnet/77/777781579a8F6569Bc0997aDF97Ed48A4C71ea02_StreamA.sol,Yes
./mainnet/77/774badBc759234Bff52B0Be11bF61Bb68c9E9A24_Router01.sol,Yes
./mainnet/15/15eb32DECB50E1736F653E31Be4bab89D1859E1E_ShibariumDollar.sol,Yes
./mainnet/77/77a2ae79D314686B2A66a5CBc9F58Ad1f345BBE1_NFTYGiFY.sol,Yes
./mainnet/6b/6ba70f65877da18e751ff42fc1c3fee8c66280e6_YFVVIPVote.sol,Yes
./mainnet/6b/6b8af85e98d29ffd074f9fd00b34a5dbba586ae4_MultiHandler.sol,Yes
./mainnet/fc/fc8bc68b8f8b6a45474f9276c4bc85cfc6f8dbd8_EthRoll.sol,Yes
./mainnet/6b/6b8bb175c092de7d81860b18db360b734a2598e0_Orderbook.sol,Yes
./mainnet/6b/6ba29728e955ff970c94d7ab0a4ff17c628f325a_EdgelessCasino.sol,Yes
./mainnet/fc/fc0e64773c68363816af0c50d40647f3ce73af87_goblintownNFT.sol,Yes
./mainnet/fc/fc9862CC539738E1495ae08b019eB47d89904e74_PioneerXpheresNFT.sol,Yes
./mainnet/fc/fc91c862dbed337369015f5b244bee027fb135e4_MultiSig.sol,Yes
./mainnet/fc/fce151195f62ab55c117960216466f6d22dfa2a1_TeikhosBounty.sol,Yes
./mainnet/c0/c011170d9795a7a2d065E384EAd1CA3394A7d35E_InterchainAccountRouter.sol,Yes
./mainnet/c0/c0c048093022864D9C516C56bEC76AB4729ee110_AlliMetaIndoor.sol,Yes
./mainnet/c0/c0384cda6bb2128d8c77e1aa39d0eb75347c1710_Trade.sol,Yes
./mainnet/61/61388904afac03beb15173340dfe3e634fcd7c16_ECRecovery.sol,Yes
./mainnet/c0/c0c0b077381cba887b368e1f06f658a6ab598929_Distributor.sol,Yes
./mainnet/61/6141e7E7fA2c1beB8be030B0a7DB4b8A10c7c3cd_InterchainQueryRouter.sol,Yes
./mainnet/c0/c0b37018bb79a7dda2746fb8416a9906732f9ebb_Main0005_adjustLTDLimits.sol,Yes
./mainnet/c0/C07c0AB16e2BB657f4FC5De682786F5534f71215_BikdataETH.sol,Yes
./mainnet/c0/c019118540c49bce2e8bd35fd513d9f6ae5b3f0e_RETHSupportTransaction.sol,Yes
./mainnet/61/617b67ebaf960465dd5668ff76ccc126dc3d7c3a_UOP.sol,Yes
./mainnet/2b/2bc70aa51c0f4003edee548f5a509658017a2f3f_Web3Diary.sol,Yes
./mainnet/2b/2b78a837c37549539c62ab54a235a8e19fea812f_CentWallet.sol,Yes
./mainnet/2b/2B4e9c4215aC377Fdb0EeC1E413a421227F55bA4_TropyverseLand.sol,Yes
./mainnet/2b/2bf3a72ce029412f24145238f8cedfe5d46e0354_collectibleds.sol,Yes
./mainnet/2b/2b58fa392062408e2795c8fab91b9c31330c15ab_PutinCards.sol,Yes
./mainnet/36/36bad3674ec10b445cfae90be445d15cffd47f36_JasmyHyperDrop.sol,Yes
./mainnet/2b/2Bdc536ce434BF6c012F49db90B726042368b6eb_FishTank.sol,Yes
./mainnet/2b/2b4469E779B7111269969b37AeE5f3c47f81A756_The_Starry_Night_Original.sol,Yes
./mainnet/2b/2b5f2fc733acd1521a9efc6c4f354cdd7eec6c1b_Keys.sol,Yes
./mainnet/2b/2bc04C703f44e3B1Ab85283094c82d9091c90bdd_StarBlockExchange.sol,Yes
./mainnet/36/3674615294ba0ef41bc456a4bc8d414c21ecf28e_WalletFactory.sol,Yes
./mainnet/36/3662d12e2770e44e9c7b273ecc300ff3e9525e19_Dex.sol,Yes
./mainnet/3f/3F6c9d0624ae865fB5a03aBAdf6d933aDdcAabEF_Proxime.sol,Yes
./mainnet/3f/3fe2404ce36902406720d02e62bb4ceb49661ec8_ECDSA.sol,Yes
./mainnet/26/2657eca107d7c2abcf72c7a97c8eeef863c22507_ERC20LongFactory.sol,Yes
./mainnet/3f/3f0a0682769afea0c316f74ace6bbb68daeab349_NullFinalizeAgent.sol,Yes
./mainnet/3f/3f7a5b9d37bce9699dd138880eb6b81ab857c120_WOONKLY.sol,Yes
./mainnet/3f/3f491600e8b81805ca8e11361155a8c49b0e2be4_SolFlowers.sol,Yes
./mainnet/3f/3F35845C5c42342b008d5164019315e1F771c4E0_Balenciaga.sol,Yes
./mainnet/3f/3f6cb1c89ddc8e02311d5319a055ef0a86fd71e9_CrossTowerStorefront.sol,Yes
./mainnet/26/26ebf50f638dc54a72d853aee79056fda5407c25_MetaPantherClub.sol,Yes
./mainnet/26/26438d7c52ce617dfc75a2f02ee816557f01e5bb_Locker.sol,Yes
./mainnet/85/859201B9229CD22211f08FcFbd554830D54e8193_ROWDYPICKLES.sol,Yes
./mainnet/77/77fda43066435d6b768c58c9749f17906967f60b_Skullki.sol,Yes
./mainnet/77/77f3a156e8e597c64d4a12d62f20a0d2ff839dd5_ERC721MintWithSig.sol,Yes
./mainnet/85/85d3addef1a2b104edb5c1e9475b6d5496fd5138_LuckyDice.sol,Yes
./mainnet/7d/7d256d82b32d8003d1ca1a1526ed211e6e0da9e2_YAT.sol,Yes
./mainnet/e9/e93577cF0590c3CD7eCeb6cB68d84B2A717c15bB_LuckyMoney.sol,Yes
./mainnet/e9/e94a93e43551513d46197c649bfba9f9d6d73f59_RC_KYC.sol,Yes
./mainnet/7c/7c24d0061b484B267F286aa2DCe891220Db254b3_PermittableToken.sol,Yes
./mainnet/7d/7d063b1aE4ec89751A9bC40C85B4539319299DD8_TheCubists.sol,Yes
./mainnet/7c/7ceb9f50f17d36e7fab8d9de6b6ec7bb8e48ba9b_Psycho.sol,Yes
./mainnet/fc/fc4b3b930ec2565d6c84545faf33526b6afcc0dd_EtherDelta.sol,Yes
./mainnet/fc/fc01a484a288dbb404e6bb8aaff4d2b8c8273004_LoopringProtocolImpl.sol,Yes
./mainnet/cd/cD6C0ea4b7e94FA5Bba7f249D5CAD99B41a5172C_EthereumBridgeStorageV2.sol,Yes
./mainnet/cd/cd477f6e609eb07e3c0eccac98673337ddbd7d8a_Trade.sol,Yes
./mainnet/cd/cdfC1cCdB6c42C26Af57D5C5dBe232858b710989_GiliTLocalLegends.sol,Yes
./mainnet/cd/cdbf7ad754695da31ab238f27e267b2813cf8d01_OTTERS.sol,Yes
./mainnet/1e/1ee25918be81b842739a107957a6a4d3c7625248_TraderSpirits.sol,Yes
./mainnet/a9/a9f970d1432f70e2d6a5c8670cea502bd888e6d6_toadtownNFT.sol,Yes
./mainnet/3f/3fac5033916852d3e2781e17f7e6155e9828d706_GolomTrader.sol,Yes
./mainnet/3f/3fa067c75d5161a787ca543cb867f2042bce4f82_MintedTokenCappedCrowdsaleExt.sol,Yes
./mainnet/a9/a91a7a7c51ab928eb16d4dc77ac6a628e0e16aff_GamingChickNest.sol,Yes
./mainnet/3f/3f8881d9bdc07effcdb9f61ce75450872b59fd3c_TheEscapeVerseCollection.sol,Yes
./mainnet/13/132C2cE276Dc8a212AB4e08befAB06c2609ba039_MtnDewMaxis.sol,Yes
./mainnet/13/1305597acd6ba8f36f207cd10b1e64a75fc48edc_RARESwapFactory.sol,Yes
./mainnet/13/13a31462960387b1603fba2331d560ec48fa9390_Compensation.sol,Yes
./mainnet/13/13B05742D857314847F6A583A7aC2C9324B1d62d_AddOfficialGuardianModule.sol,Yes
./mainnet/13/13773093Cdad89e8e1615f581a37c7eeaBb04804_MintGatewayUpgrader.sol,Yes
./mainnet/85/8557c179e6663360b3dac175003047989a1735fa_EthTranchePricing.sol,Yes
./mainnet/2e/2e9f20212756e4cf9d94c54f7c219b835bd7c5cc_HunnyBunnyNFT.sol,Yes
./mainnet/2e/2e95b4569c8c4eb99f3949cd79ee334b309eb4fc_VaultNFT.sol,Yes
./mainnet/2e/2e6f7e74490567a830ee133c4fd2038038a07989_RelayManagerETH.sol,Yes
./mainnet/2e/2ea2e05f72d497e6e15c320530dc14abae70eb37_LoopringProtocolImpl.sol,Yes
./mainnet/2e/2E6034c8958434b4513fE0f4E575b3A6D9b07645_MYSTERYGUCCI.sol,Yes
./mainnet/83/833e440332caa07597a5116fbb6163f0e15f743d_CheesePriceOracle.sol,Yes
./mainnet/83/831F02F4BE5beA05B5701981895bC1B517387Fb2_BadBabiesBatch.sol,Yes
./mainnet/83/837e2f52db5017316adee47aa171d56e2c8af2af_FckDice.sol,Yes
./mainnet/94/9476a7eebb2382169ec48e90fb05c33d96cea7f2_CrocZ.sol,Yes
./mainnet/cd/cd3261befea8ce3daabdc9f98c6fe1df4abd69a8_TheRoyalsGhana.sol,Yes
./mainnet/94/94f30590c5c774e92f62d4476fc14162cb0c704a_CircleOfZav.sol,Yes
./mainnet/94/94EC8a81ee30956b79857333F68d49c0A268dc53_ShieldPad.sol,Yes
./mainnet/10/1098898efacd41e1824cd610f52d0f8690bdc87a_ERC721MarginPosition.sol,Yes
./mainnet/10/10ee7df446fa72e2e3b42a54b8fccadebb4edd53_UnityDEX.sol,Yes
./mainnet/17/17d7d94e1c15153494d8dee37da6f6fd9492f0cf_FluffyStreet.sol,Yes
./mainnet/17/17CfE08818E8260FAe3a19761668EBc27B24d72A_@openzeppelin_contracts_cryptography_ECDSA.sol,Yes
./mainnet/a9/a9e739744a99a8497988b5891e53867e54a2fd26_OMNINFTLogic.sol,Yes
./mainnet/a9/a92ed7c28d1ef5a09e805365ac1d868c3326f3d3_ForeverRugs.sol,Yes
./mainnet/17/17289f66839ce3378f0b318d7de500df168ba08a_EscrowANTv2Migrator.sol,Yes
./mainnet/a9/a945d1c10918172f72c70ef444313137671ed064_DurianciClubNFT.sol,Yes
./mainnet/17/17ce2e6fa8c681ec0980c6d196f6b839eb4a1cd0_ERC20CappedShort.sol,Yes
./mainnet/a9/a95592dcffa3c080b4b40e459c5f5692f67db7f8_ElyToken.sol,Yes
./mainnet/d2/d2cf3748b9e25d8080dbb335461679e762cc39ee_Afronifty.sol,Yes
./mainnet/d2/d207f420972ccf325e811bcf67d49cbe180a6df5_Trade.sol,Yes
./mainnet/13/131aebbfe55bca0c9eaad4ea24d386c5c082dd58_ERC721Sale.sol,Yes
./mainnet/d2/d29beca9c9749ab6b37082bcbd16d041a9285c8b_LoopringProtocolImpl.sol,Yes
./mainnet/47/47fa86fef5cac6c63f1a51e034ac01a173d317e1_DharmaSmartWalletImplementationV13Staging.sol,Yes
./mainnet/47/47e5a70ac1d912a15051fc56a08321c2210eb5e5_Median.sol,Yes
./mainnet/47/47a0915747565e8264296457b894068fe5ca9186_SignatureVerifier.sol,Yes
./mainnet/2e/2e516ba5bf3b7ee47fb99b09eadb60bde80a82e0_Eggs.sol,Yes
./mainnet/47/4752883bd187b1de582d56329fec2145de6b4f68_NFTPickerPass.sol,Yes
./mainnet/2e/2e5fb91975c3fb6f6d61c5859314e7c53af07912_JaroCoinToken.sol,Yes
./mainnet/68/686f7d0b698b6780a8ce1d6ae13bb8c813552ff3_DutchAuctionCloser.sol,Yes
./mainnet/83/834f071304c12a2491737b43ccefb6ccf560c815_Dicpic.sol,Yes
./mainnet/94/94e332cc102a02bad6ce2e644ab88f6025bc643f_RC.sol,Yes
./mainnet/01/0149e0aaea12ed0fa6ca63175051d17fd2e5afae_TokenIOFeeContract.sol,Yes
./mainnet/01/01e4a1a095b46c4131852567b61edec6805f0725_BallIdo.sol,Yes
./mainnet/94/9436211e29dd66d6bbf48e8c5fa148b928688bcb_Main0022_migrateTokensAndEth.sol,Yes
./mainnet/94/94b668337ce8299272ca3cb0c70f3d786a5b6ce5_WALLETSupplyController.sol,Yes
./mainnet/10/10244ea8d50818bc9805aea2c88b7092a6bba41e_ForeignBridgeErcToErc.sol,Yes
./mainnet/1c/1ce865c81e76aafd2003e69acd2d196d19aac144_BiddableEscrow.sol,Yes
./mainnet/1c/1c196d4f046efc444554c540c56cc2e6ee45d691_ChronixGenesis.sol,Yes
./mainnet/1c/1c5A1ADFDb5216f7F4e8B8E8258e375FBC9958e0_ECDSALibrary.sol,Yes
./mainnet/0e/0e29eaed3e3cfef358b1657b5573100dd4628a55_Crowdsale.sol,Yes
./mainnet/17/171e663287f397a945d2c75070fa5e05bdf5a06f_Signer.sol,Yes
./mainnet/0e/0e786d42fd70e4a51ab5f80aa5da19e74337e7f2_Swap.sol,Yes
./mainnet/0e/0e46CB9AE8035F090318E2fb231D7117F1fA6dCF_OpenOracleV1.sol,Yes
./mainnet/0e/0E9462EcA71305a13f05D8943a3BFE04bEFF1932_HolyToken.sol,Yes
./mainnet/17/17d084106c2f1c716ce39fa015ab022757d30c9a_KryptoriaLand.sol,Yes
./mainnet/d2/d2f5c922f93008bd8b68d702015196158ea136c6_MultiHandler.sol,Yes
./mainnet/d2/d2aa60e1c09c693706ee184dd831b6fd9d1ac3f5_Refundable.sol,Yes
./mainnet/d2/d216b6fdb4518548f8c7bb6da7dbd46266900724_RickHead.sol,Yes
./mainnet/1a/1a0f9969f02651cae7acb89b685ed2ceb00c02b5_EarlyRiser.sol,Yes
./mainnet/a0/A06ec3F93c718e52a2BCaf8dBEB27329546F53E7_TransferProxy.sol,Yes
./mainnet/47/479dbfbc1eed6d1f9da99742b4b16c7f37ed87f9_ComKings.sol,Yes
./mainnet/1b/1bb1e5486c3c8213665f9e306bd0aa764f04bd29_MultiSig2of3.sol,Yes
./mainnet/68/68347ac400f494217cb09717abdfb90a7c359a55_ReceiveICO.sol,Yes
./mainnet/1b/1bAc7F923cc9345Ef5eAB6a9a4Bf2FDEe3bAc1a1_TokenClaim.sol,Yes
./mainnet/1b/1b91518648f8f153ce954a18d53bef5047e39c73_Crowdsale.sol,Yes
./mainnet/68/6833baf4c7b9bd93e216b5dc510a43f096f672c4_SC.sol,Yes
./mainnet/68/681192ae9d24643ef2f61dae48325e20f451b862_ECDSA.sol,Yes
./mainnet/4f/4f8caacaa48bcae4ad04e910c5a66cbaf8dc857a_THEJIMS.sol,Yes
./mainnet/4f/4f61b3608a719fd1d87321425710007b09b34189_NFTMTG.sol,Yes
./mainnet/4f/4FA8cEbD088E0CDaa13f28a2A588fc72b543BF73_ServiceVoucher.sol,Yes
./mainnet/4f/4ffccc4534c3e890db39456d34acaff5b9989b8e_Trade.sol,Yes
./mainnet/01/011a3d5b7b0f49527415a034849f3c06e136092e_Sidicoin.sol,Yes
./mainnet/01/01bf88ff18bd3c3fa1c065888916b36ba68ef730_BonusFinalizeAgent.sol,Yes
./mainnet/d8/d8470a6d796d54f13f243a4cf1a890e65bf3670e_MerkleWalletClaimer.sol,Yes
./mainnet/1c/1C50E72b9b7a44bf7e63FE7735d67d82c3E4bF74_PresaleKredEth.sol,Yes
./mainnet/1c/1c3E02EEd9D900e8A8aDd69d66a4a63F81d5540F_XchangeONWallet.sol,Yes
./mainnet/d8/d8e8328501e9645d16cf49539efc04f734606ee4_ECRecovery.sol,Yes
./mainnet/d8/D80242ce8fE4B9fFCfCD417B6919f0E972B14F7B_DollFaceNFT.sol,Yes
./mainnet/d8/D8b19613723215EF8CC80fC35A1428f8E8826940_MainContract.sol,Yes
./mainnet/b5/b5a1cde2a05fc64c95e04763fc8fca33aa5c2f8b_CircleOfZav.sol,Yes
./mainnet/0e/0eb1626260F2d958132f9742b716C51242dF2CF9_TransferProxy.sol,Yes
./mainnet/0e/0E41cAc3F1Bc0E2BC679467Cd9420181aaE9088b_NftSale.sol,Yes
./mainnet/1a/1A9a4d919943340B7E855E310489e16155F4ED29_Claimer.sol,Yes
./mainnet/e8/e8f88d16f24255FcFab25959705D724406D67D9d_NFTiff.sol,Yes
./mainnet/1a/1a9283365ff331dd1ba55dd6bbc581d69591f3cd_GODHOOD.sol,Yes
./mainnet/6d/6d84b2ba0cc68d23f7f24afe78efd833511e0947_blackhole.sol,Yes
./mainnet/6d/6d72601a6b045527ac1b3a9fffa36c81795d4429_RocketRace.sol,Yes
./mainnet/a0/a07afb42e2ae6d2b6713bbcc72802ac7f571f68a_collectibledm.sol,Yes
./mainnet/a0/a04e7224679a372309fd4dc6400beb278e5b70dc_BAPE.sol,Yes
./mainnet/6d/6d7773494eEAB3Ff6437bcFeC407772771098be8_Sarcophagus.sol,Yes
./mainnet/a0/a0cb0ce7c6d93a7ebd72952feb4407dddee8a194_swapContract.sol,Yes
./mainnet/c4/c4abe0728629576660876fdad79fc22219f4db31_Airdrop.sol,Yes
./mainnet/1b/1bf63aca0124c9617d99c13ec3c279ff3e76f467_CNYTokenPlus.sol,Yes
./mainnet/81/81070f68b2d8e07e47a2974aa55967fe58f1a021_WhikoBox.sol,Yes
./mainnet/81/8180a3951e4268f741704affdd1fbbbc32f7ea05_ForeignBridgeErcToErc.sol,Yes
./mainnet/4f/4ffa140fc6d5115c808aaf3afda2151f849fcdc3_StaticAToken.sol,Yes
./mainnet/06/062c74e593ce3c6574f126a1a35ab55dffdd63a6_CrazyCamels.sol,Yes
./mainnet/06/062731Ae835470b1De583aC0dF88631790013bC2_DCT.sol,Yes
./mainnet/d8/d8d48e52f39ab2d169c8b562c53589e6c71ac4d3_ETHERCExchange.sol,Yes
./mainnet/d8/d8a9ad9593dc91f4b0b0cc07f03b27a00a15a13d_FunkyMonkeyFratHouse.sol,Yes
./mainnet/d8/D8723058f2B456484E3cdE4ccfaeA903116fA9e4_Unity.sol,Yes
./mainnet/7f/7f0a5bf88eb3921b170048ecea528bd7cc6df70e_SmartTokenLib.sol,Yes
./mainnet/7f/7fff2b87225df99bc215df61d033fb2d37967506_BridgeCore.sol,Yes
./mainnet/b5/b54d4E8BB827f99af764b37249990Fa9D6840E20_USDPImplementationV3.sol,Yes
./mainnet/7f/7f7a71151a2bd9121df9f531d9ae3502d589c3d4_NFTversion9.sol,Yes
./mainnet/b5/b5a4d53c44fe8318ff2a9de0cee56c8521ce7348_CryptoFamous.sol,Yes
./mainnet/7f/7f7685b4CC34BD19E2B712D8a89f34D219E76c35_WomenRise.sol,Yes
./mainnet/b5/b5f490dda0575ed8231a1c4b679bacdf896c470a_Trade.sol,Yes
./mainnet/b5/b5457fc28db24ad0e14569ea98fcb04f2105bc49_PancakeFactory.sol,Yes
./mainnet/e8/e8ae73226ec718b63dc30f41533a025ec07d8047_SmartWallet.sol,Yes
./mainnet/f6/f6cbb7b5aeb5fa2609eb104025e2230cbe3c4949_BulltradingToken.sol,Yes
./mainnet/f6/f6fd7ddcd0077cde25412b4e6dc836ade816ef3c_Fund4Ukraine.sol,Yes
./mainnet/f6/F603b259D22Cd3Bde6d61a3d2e710d6609bd1E46_Airdrop.sol,Yes
./mainnet/6d/6d18B69F498f5bee78620EF2bb418afA3d92bBAf_Woodlanderz_SmartContract.sol,Yes
./mainnet/20/20be3e5a0e37136901d91687f6f8faabad698ae1_ShadowStakingV4.sol,Yes
./mainnet/20/2074f617c1d6372a3761d9832aa4dbfc96312b2d_PizzaBot.sol,Yes
./mainnet/c4/c4838a37422ddd180f6bf34393873b1489db6faa_CATT.sol,Yes
./mainnet/c4/c48c199ba5a8691ccf2de89248fffb10be7d2e61_Address.sol,Yes
./mainnet/c4/c479b7909dd33fb036fda62f66bc3ebbe480c766_PolkabridgeLaunchPadV2.sol,Yes
./mainnet/c4/c44c5489bca8ac6e81e03e81c209a5ed802f1a20_MskswapV1Pair.sol,Yes
./mainnet/18/1847b986f86737221bd6d10ded626141fd58a47b_UNFT.sol,Yes
./mainnet/18/18ec2a30ecaAEc7a77953Ae4Dc57D80626A86825_Trade.sol,Yes
./mainnet/18/186d2F4dE97AA5F3823811F7D1A4a0968Cea62f0_EthereumBridgeAdmin.sol,Yes
./mainnet/18/1860d43a2a1b9b03907eb6a6b92ce256694dd315_NescrowExchangeService.sol,Yes
./mainnet/18/188d315b1c698ca678c8e3891ac21e097763afde_ControllerImpl.sol,Yes
./mainnet/3d/3dca17fee19a6a3ea43526df848ed0565165afa2_CryptosparkXSingle.sol,Yes
./mainnet/3d/3d6e0cafe8354f3699fd56a26b19177928714ae8_ERC20.sol,Yes
./mainnet/81/8101429f99afd10c494f5427e697716c4fd74acc_SignataIdentity.sol,Yes
./mainnet/3d/3d3ad7b00e885d3d969e03bfcbaed80fb3df6667_SappySouls.sol,Yes
./mainnet/06/0644Bd0248d5F89e4F6E845a91D15c23591e5D33_SimpleMultiSig.sol,Yes
./mainnet/3d/3D3DE0A8Ab52b70D33C2A3e20d67AeC791F24193_Ethentic.sol,Yes
./mainnet/a5/a5ca78d849fa2b1cd4f37e81e99f6c5cc6c92a7e_RelaunchedCrowdsale.sol,Yes
./mainnet/a5/a556157eb576d59482e6146846e08f67ade26c21_Wackies.sol,Yes
./mainnet/a5/a5cc679a3528956e8032df4f03756c077c1ee3f4_Exchange.sol,Yes
./mainnet/a5/A578e04D4c0937a834Ed790c0A23b8d9F7b2cc25_BOLT100.sol,Yes
./mainnet/a5/a50c349912739a4fe4e50bafd3d8689210642d88_Crypt3DPunks.sol,Yes
./mainnet/a5/a5b7f12346048e8a3e780dbeb4c2f469be8ffcef_CryptoManga.sol,Yes
./mainnet/a5/a5f6118d5bda1cb5156a199004c182a3a7dc4e59_SignatureVerifier.sol,Yes
./mainnet/7f/7f364003609004e83e96412a9d6f9794a91a5377_ShadowStakingV3.sol,Yes
./mainnet/7f/7f15e7c3dff596291727f1ba46e98d5de0697e3d_ClearingHouse.sol,Yes
./mainnet/7f/7f0970ff2c2eed586ea3ab4d8ef613b8b5c92dfd_StakeAndFarm.sol,Yes
./mainnet/5e/5e9877f74a3734ef8cb0cd44e1d710c937188370_KazuTreasury.sol,Yes
./mainnet/5e/5E90bB26A930038d7c139cA6a39CB1b5dA8e5f60_GuardianKongz.sol,Yes
./mainnet/91/9134e0d668ab6b0dee39cb0cb42cc83755a02701_FansClaim.sol,Yes
./mainnet/91/9173c28236c5bc6f1b47e659dd636c054ef0e39b_CandyKitty.sol,Yes
./mainnet/91/910119bee96c7a03dd2597d4596e88bdf3aff682_CommonStaticLogic.sol,Yes
./mainnet/91/91100f061307a2275c0897995a520aba26fe4acb_BitEyeExchange.sol,Yes
./mainnet/ff/ff003b436c441ea8377dd3756b0e42e549d2704c_multivers3.sol,Yes
./mainnet/ff/FF7e285b87e7F9247f0953cf8CF5cB24eeDe4B9C_STIMMY.sol,Yes
./mainnet/f6/f6Ff1467FaE2bF6053A3D2D575115D87c1Dc89c7_AhtenaChristmasPala.sol,Yes
./mainnet/f6/f6b541e1b5e001dcc11827c1a16232759aea730a_FeeAccount.sol,Yes
./mainnet/ff/ffd163efc5ce5fc707e8784ed535e143b572ae4a_RadioactiveFuturePunks.sol,Yes
./mainnet/5f/5f2de1593e7e297c56dfb10d60e356a937dc4939_YFONE.sol,Yes
./mainnet/f6/F63aF50bb2a95f21207acDDf030701f24bf278f9_Peggy.sol,Yes
./mainnet/5f/5fE83495b43226f54923001b5c05cA587832D955_Nympheas_1907_Original.sol,Yes
./mainnet/20/2057bbafad6e3073c7ee643538770093c965d659_TxRelay.sol,Yes
./mainnet/5f/5fa83647ce01e2a401c89f9ce4e0899beded003d_Bridge.sol,Yes
./mainnet/5f/5fb2f392772a6cb5ac423ceb587b62898c06c8cf_Exchange.sol,Yes
./mainnet/fa/fad6d3d0c097d9afeaaac5cc387b25ceeec03496_CollectionCore.sol,Yes
./mainnet/fa/fa193612c63b36e92f5dfc231f11e9c99d17d717__8sian_Merch_.sol,Yes
./mainnet/18/18b4633d6e39870f398597f3c1ba8c4a41294966_MedianBATUSD.sol,Yes
./mainnet/fa/fa1d63d17df6bd577e304f69d64f833248b80790_QubeMintableStore.sol,Yes
./mainnet/22/22fb65d0b36cba23a467a43c4b13e6d69efaf4fc_PixelDucks.sol,Yes
./mainnet/3d/3dbdd1193e44325420677a093c22423b1aeb0f4e_TrezorMultiSig2of3.sol,Yes
./mainnet/02/02E5bBdf753A2E8603A0E332E31a1a2397263E7a_Celda.sol,Yes
./mainnet/a5/a5d83610b6ee0d5368a03395ad6d6cb2e47958ef_MDTKAirdrop.sol,Yes
./mainnet/a5/a5324B1a3638E50f5E561f016f3D64Ddc277E36a_XYZImplementation.sol,Yes
./mainnet/5e/5ec18b477b20af940807b5478db5a64cd4a77efd_RenExBalances.sol,Yes
./mainnet/39/39Aa9303C1307a0D389A075A3C9742c530b1e4eD_QuestManager.sol,Yes
./mainnet/39/39566f5a38e2824a01b06f89dabe27761549fe8b_FrogBorgs.sol,Yes
./mainnet/39/3975CE253fF9d586cF08C3898f95064b7a5718E7_openzeppelin-solidity_contracts_cryptography_ECDSA.sol,Yes
./mainnet/39/39301bed1a969a3dc5a3ab16d84399ddfee97531_OptionsExchange.sol,Yes
./mainnet/39/3995E35C0CF13876baA47553641798A73BFC58D4_AshumonSwap.sol,Yes
./mainnet/fb/fb39e2Ee89F39D5acf5A05cdb96aB99a391adb05_SeaportOrderHashFeature.sol,Yes
./mainnet/fb/fB57D57D398D257c424DF39316bAb6339d243025_SLSLifetimeMembership.sol,Yes
./mainnet/fb/fbb7b2295ab9f987a9f7bd5ba6c9de8ee762deb8_CNYTokenPlus.sol,Yes
./mainnet/fb/Fb7b4427Fb77ad4AC24519725153CDD2C92Fc4e0_TeleportOracleAuth.sol,Yes
./mainnet/ff/ff08368F9aF04AAF0F2b90c3D43fBcF7db126d2d_AuctionERC721SaleNonceHolder.sol,Yes
./mainnet/fb/fbb3c73779ef59f0c4a2e662f9a42a82a145e638_Survive.sol,Yes
./mainnet/ff/ff1b773a69b9507127c13daacc6a5af4155b1bed_DEGENSPACEBOMBS.sol,Yes
./mainnet/fb/fb7703c74f14930f8871c34056d5db6693e5a00b_Marketplace.sol,Yes
./mainnet/5f/5f14e09736f78ba7acb175c3651a5a6bf2d4ce16_ECDSA.sol,Yes
./mainnet/38/3878F622F78ed742A5A32239299c0BAbCC48395d_ERC1155SaleV3.sol,Yes
./mainnet/5f/5f658d29a3b03cf70f04cdd8e44bd0b168885cfe_Pumples.sol,Yes
./mainnet/38/38E9Afa30222F4b61B086e8214f846A83093Ca6B_CryptoChimpClub.sol,Yes
./mainnet/38/38b7e06eb1a6b8af8b3a06ecc0f673d9f8421ebb_VIP_8SIAN_GOLD_PASS.sol,Yes
./mainnet/fa/fa41b64086ab7d09c9a2007943b262acda68a0d2_TheClinic.sol,Yes
./mainnet/38/3865048549717240c76a6353571ab12bc3f4c186_NFTOption.sol,Yes
./mainnet/38/38ca49b6dfa820bca917a60995cc07b88db7dc4d_FlyPass.sol,Yes
./mainnet/38/38960fec4b5fed3b77083171c1f01b852ee5f73c_LiBear.sol,Yes
./mainnet/38/38868ec75087ea960a9a50bc9a357716418e508d_PointNFT.sol,Yes
./mainnet/fa/FA366dF3F0a4836e80E06545f838908718805A7d_iNFTspace.sol,Yes
./mainnet/22/22bd54b1cd9518afe1122096ece1d64685e1698b_Dex.sol,Yes
./mainnet/22/22d2913a4bf16c8dcf1ee655f9b547ac55368f88_WaRoll.sol,Yes
./mainnet/23/230a83ae51be8b6393f545214fbd39d7a8d3d4ee_EvaCurrency.sol,Yes
./mainnet/22/22fd5f761d1e49b8b56f86d2dba5aaf311d800d6_MysteryBoxToken.sol,Yes
./mainnet/23/2339439b4113e85e3ad263c186d33435a7ea40e8_Inferno.sol,Yes
./mainnet/23/232ba9f3b3643ab28d28ed7ee18600708d60e5fe_Amplbitcratic.sol,Yes
./mainnet/07/07511e88628f990d0ada3c446da3859833a0798f_HolyHeroes.sol,Yes
./mainnet/02/025f45bb7e08abea27a3c6a9cfb8d2acc2f6a134_BucketsClub.sol,Yes
./mainnet/07/073Ca28E04719C05a5a48C1d992091b4075A0F84_RADIOACTIVEPUNKS.sol,Yes
./mainnet/07/0743cde04b930cf45c307d99d9c6983c9e1898d8_HappyRedPacket_ERC721.sol,Yes
./mainnet/02/0216a774D40296B54d95352ce5B0460343B7d199_FunderSmartToken.sol,Yes
./mainnet/07/07f07cfe945b3a9ba404158a1b1fbcda0066eda9_TEW.sol,Yes
./mainnet/43/4302b24ea1010b4cb4f1f056341334ccd2efd3c1_GenerativeAvatars.sol,Yes
./mainnet/07/0798ec8b4a7a586027c151d58ff29e5c458be74b_DigitalWorldDEX.sol,Yes
./mainnet/43/43A544DD24Cb10975B7dE1dEEC49E77F652Dac66_SchnorrSECP256K1.sol,Yes
./mainnet/f0/f00ef926234206854a360467e79544f364f63d09_AidiCraft721.sol,Yes
./mainnet/f0/F0Fb984B464CDB7cbef0CC7222018BBba7F9e97E_Exchange.sol,Yes
./mainnet/39/3918249900ecad5ee86f84c2c498303fc52614a6_PreICOProxyBuyer.sol,Yes
./mainnet/f0/F0c66607d63d27Ca5D76e2eCeBD0aAd77b265179_Frodas.sol,Yes
./mainnet/39/390134e3568fbc3a22d30e673F370e0195D70898_ECDSA.sol,Yes
./mainnet/08/084314184599c71f03a1b15edb8161a1f72c01d4_DharmaSmartWalletImplementationV12Staging.sol,Yes
./mainnet/08/0860bB9B090c5473e22818D1A5119a5f9b6983Bd_ERC721Sale.sol,Yes
./mainnet/fb/fb43d8fc2b907120672bad3de94cc03cf2e59af9_notgoblintownNFT.sol,Yes
./mainnet/dd/dD05d7aDff6462809D6860DdE3d483F945da5942_GanzEvilCorp.sol,Yes
./mainnet/dd/dd8f31f7B9C6026311464bc07aE5DB2F99F3892e_@openzeppelin_contracts_cryptography_ECDSA.sol,Yes
./mainnet/38/3827dc9e48b3691b171bf2f2c6bc3cab8218acf6_Verification.sol,Yes
./mainnet/38/38bc66fd3035ecfe203acf2bfc5ddb1e94d2da47_BabyEthaliens.sol,Yes
./mainnet/38/38a4abEe7Eb7D095df93F677805F8776709ADD6F_FutureCoinBridge.sol,Yes
./mainnet/df/dfc29398419b0719c2478b382bb642a7936e326f_CollectionCore.sol,Yes
./mainnet/df/df387b743a1bf1679d9a8a69baa34213d4f4a902_NullFinalizeAgent.sol,Yes
./mainnet/df/df72b12a5f7f5a02e9949c475a8d90694d10f198_Exchange.sol,Yes
./mainnet/df/df06ae8f5998cbbda56bef1849a3e54dac4c98b6_BSQL.sol,Yes
./mainnet/df/dF708431162Ba247dDaE362D2c919e0fbAfcf9DE_openzeppelin-solidity_contracts_cryptography_ECDSA.sol,Yes
./mainnet/16/167f4c0561eea486ac7cf11f7fa1b88beaa47c28_JRNYRewardsNFT.sol,Yes
./mainnet/16/16a19f43832292dc41ce7fb500909723b1c3be69_KYCPresale.sol,Yes
./mainnet/ad/adf233b1f82e563e2edb55f9e15ced64fa5c3e45_SynthesisFactory.sol,Yes
./mainnet/ad/ad9ea11a00a99c192a787e482b4f6b5b6fa06ffc_TDJSyntheticNft.sol,Yes
./mainnet/23/2339e48d194723eefac979df87de35151ab76d19_RareClaim.sol,Yes
./mainnet/14/147aa9ada01b70c4c8c8b89b06afe767908aced7_PharaGoddess.sol,Yes
./mainnet/23/2321eb093fabab1a355a235db5efa20b0a21cdad_YFTRUST.sol,Yes
./mainnet/14/1442DC401D425f0Ec5FD15334a6012B8c2ce6BD1_TransferProxy.sol,Yes
./mainnet/07/0732156088264b59ee9287851c4457326127ec3e_Shizuka.sol,Yes
./mainnet/14/144E84adAFA54dE411E68E1DE16eC9953B46180F_Shiitake.sol,Yes
./mainnet/67/67d4f5c368641938166b379267f54d6498ab0a3f_Kings.sol,Yes
./mainnet/67/677e66ead8e9572a841dc54b0a3c69160ed8efa4_ECDSA.sol,Yes
./mainnet/67/6770c40d5F2B9CF64dec35b682898A53398fD763_Momoguro.sol,Yes
./mainnet/e7/e7e07f9dff6b48eba32641c53816f25368297d22_ChillRx.sol,Yes
./mainnet/f0/f068416d3dcc3b87e67bc1f24d196f2c943a4948_ForeignBridgeNativeToErc.sol,Yes
./mainnet/d0/d02b20c758a2eca7128e40356c8ce89645310fc5_WWDispo.sol,Yes
./mainnet/d0/d077c09a7e65c4cca490a776d5e395fb4fe7179a_DataExchange.sol,Yes
./mainnet/d0/d0bAfD85da25724263943cf0204D5281f4fDb1E7_KangarooCountryClub.sol,Yes
./mainnet/dd/dd715db05d91d18b7175583dfbc4604974040ec5_SandStorm.sol,Yes
./mainnet/dd/ddc690c434ca118416b06967e8ef2a156a3b282f_MintableERC721.sol,Yes
./mainnet/de/de1c8d608cce75ad14b43e8cc76b0670696995ea_Minter.sol,Yes
./mainnet/de/de5b5d5878688dc158591820f63d56de236f5afb_CRYPTOTYCOON.sol,Yes
./mainnet/df/DfB29501b42f63A947Ddc5249F185D6BcBE6986f_ROTA.sol,Yes
./mainnet/de/de86f4dc0a3d46dec105f81e8b0b85217f8a0f97_DAOHQIssuanceManager.sol,Yes
./mainnet/de/De25486CCb4588Ce5D9fB188fb6Af72E768a466a_ContractionDollar.sol,Yes
./mainnet/de/ded718308304be054117764ae058f1e61d8a5d5b_ResurrectionByConiunV2.sol,Yes
./mainnet/de/deadbee61d6474b74f5b59750dc1f27408c28635_WisdomToken.sol,Yes
./mainnet/df/dfaf4b0742397ce040170018e45e44115457877a_CommitGoodToken.sol,Yes
./mainnet/df/dFb1e1DC570Fcbd7Ff6AE86786b293a5EcdfE594_MintableToken.sol,Yes
./mainnet/d3/d3345c66d6beec33d3eae5ada4018aef688f2df6_ItsSomething.sol,Yes
./mainnet/d3/d31a0Cf069779D5aBb8EEC48D7bF83F94c2De94e_token.sol,Yes
./mainnet/ad/aDa70FD55B190CABd4519207d333Afc5bD7a2C9f_PoorletariatShepherd.sol,Yes
./mainnet/d3/d3f1ae6e640c75edbf5eed18301f12c1488c6fb8_ItsSomething.sol,Yes
./mainnet/d3/D387B80Bf5bbc672a99AF9BaC46652493BeC94C8_StoryBits.sol,Yes
./mainnet/d3/d39526e13c9e71e9ffee6ea44049624f55031482_WabiStore.sol,Yes
./mainnet/8c/8c85d1d842f32247834c550ec1ad10e9c3a64c2f_SigMint.sol,Yes
./mainnet/14/1411Ec02894E3F0dC9ec6098f2F2D6B49E40C2F0_BullaBulla.sol,Yes
./mainnet/14/14da7b27b2e0fedefe0a664118b0c9bc68e2e9af_BCUG.sol,Yes
./mainnet/8c/8cf430475ae48587f361eb6057b9eb68b0eb91b3_PaymentContract.sol,Yes
./mainnet/8c/8cdb6436f4e08f2aeb6f7b0473423bb30743afe2_EthTranchePricing.sol,Yes
./mainnet/14/142914e134348e51c5f402baed81810a1f829e7b_DualsigsLogic.sol,Yes
./mainnet/67/6745dde69632ea1820ad6781d0a49b9670472837_MultiSigWallet.sol,Yes
./mainnet/67/67068f4ef4c03eb7b8649b34b2d520dabf11f721_GusdBridge.sol,Yes
./mainnet/52/525c6934b9f20ab647051981f7bd88d3c73136c9_PuffMusicEntertainmentGenesis.sol,Yes
./mainnet/67/6712365e0e2734e55a4114b1d9f14289ac2d7892_Trade.sol,Yes
./mainnet/b7/b74fc9e207ab7e6ac8abdc25f02fb8decaddb5fe_ClearingHouse_1.sol,Yes
./mainnet/e7/e786916e1daa92d5260bc990a86103b617c51409_TenEthProgrammed.sol,Yes
./mainnet/f3/f3cbd06fb8b69250f743047ac5796c05b77c55ad_AstroArmadillos.sol,Yes
./mainnet/f3/f37cb20090057bdc70b928b7f91d081d412cfe5c_Outlanders.sol,Yes
./mainnet/f3/f3d3891e26a577ec0ed48dd079cca68a6a9f48e8_MintContract.sol,Yes
./mainnet/d0/d051d5f8bba751350e7b00630e9d990ef338a4ed_PixelPugs.sol,Yes
./mainnet/f3/f36499c787d4886e8c57bf232378fdb1b4b8d7d5_PoligoonzSale.sol,Yes
./mainnet/de/debea156b181329199175e142b49cb7b558b134f_VirtuePokerSale.sol,Yes
./mainnet/bc/bc7EbB061235994f360aD3E3ca9de0264443ED6a_ERC721LendingPool02.sol,Yes
./mainnet/de/dee210b9b3f4e1bd3f64944c277d4dcbe4e5c095_DXDSellRelayer.sol,Yes
./mainnet/bc/BcE0A666BC7f78E8C62cC56bD8EFDC84fa506BC4_Saudibirds.sol,Yes
./mainnet/de/dec590f1e43fa30c43cb3ae71454ee20c1456940_EthRoll.sol,Yes
./mainnet/de/DE3e5a990bCE7fC60a6f017e7c4a95fc4939299E_TokenDistributor.sol,Yes
./mainnet/60/60ef462402caf711a6fcfa2e5d74d9185b387499_PimpinApesGenesis.sol,Yes
./mainnet/d3/d33a5abf3ce5e9ab889e998c09ff49bd45da3258_ControllerImpl.sol,Yes
./mainnet/60/60e303739cef9e86682b048c59473c8e122f245f_AmariArtistPass.sol,Yes
./mainnet/60/6043ddeb600a6aa0a432f6168ce6b8297bb5ee6c_MyContract.sol,Yes
./mainnet/d3/d3dff3e1599292f4279cba01eb209a2228f06db0_JobsManager.sol,Yes
./mainnet/60/60fc18f243656532fce2265a5278d95cb3afa034_RequestBitcoinNodesValidation.sol,Yes
./mainnet/6c/6cc9d8cd5faab62a3249efab3e2f2d7c3147da24_UntitledToken.sol,Yes
./mainnet/6c/6cc542d4cd29aa9528d1af83a196abecfee61a8b_StaticAToken.sol,Yes
./mainnet/8c/8cba172c65a94892726450ff67b2027e6c352e2c_Toadkens.sol,Yes
./mainnet/6c/6C7e84219744268F61e89b539C7D848e8EA3816B_nft.sol,Yes
./mainnet/54/5421dc2b06a3b1a8206c644b98b34f0768344edc_Exchange.sol,Yes
./mainnet/52/527aaf059860ed348fe3f2ac1e016f5090f8ee84_NescrowExchangeService.sol,Yes
./mainnet/87/8724e93831b0e8540a8c86a48a43c298b0c3ec29_UglySweaters.sol,Yes
./mainnet/b7/B76A8c2d471A4d9b82E3B2Fd752665277f8D6e86_Verifier.sol,Yes
./mainnet/c6/c649a0442073d993a1b629449d18c57cd6827534_MoverNFTSWS.sol,Yes
./mainnet/b7/B7965A7b3b6afD8f665CaE914B8a1309B92962cc_Implementation.sol,Yes
./mainnet/b7/b78f1a96f6359ef871f594acb26900e02bfc8d00_AIC.sol,Yes
./mainnet/c6/c6bc138f9102b0164073b36924391a61ee5f848a_WWDispo.sol,Yes
./mainnet/1f/1FBEC554427AAe9E3165ea4293EE667999a3a12d_ECDSALibrary.sol,Yes
./mainnet/f3/f38d6bf300d52ba7880b43cddb3f94ee3c6c4ea6_PixelGlyphs.sol,Yes
./mainnet/f3/f31cc489174dd746a572ad4a959db69c1150ff99_Drake.sol,Yes
./mainnet/1f/1FBaE93D3552FA7B1B36019C9cC7130493B3Cd92_OwnbitMultiSig.sol,Yes
./mainnet/1f/1fdAB049401f5dEc1d665e82883Ae5cb454712D5_PlanetDegen.sol,Yes
./mainnet/1f/1f26f25f356cca382a4f9b2a4d60966bef443b67_MetaverseMassacre.sol,Yes
./mainnet/1f/1f16294cc2f7459625f456f349344344e56a5f78_DharmaSmartWalletImplementationV13.sol,Yes
./mainnet/bc/bc1f89f2524c3c827e236879d243fdbc5593ca51_ClearingHouse.sol,Yes
./mainnet/bc/BcE8908B3dcC22d1b09ED9Cf1391175A160D02eB_SeigniorageShares.sol,Yes
./mainnet/11/1144069d1868f2786b5f7d2679578634f230d187_ByeBanx.sol,Yes
./mainnet/60/6030ee6cc813b2ab95d9e822699eb600e7702d92_ESW.sol,Yes
./mainnet/60/6020dbbA07F72cFeb9f3921A3D0A93D3dcd098A5_SiliconValleyBankers.sol,Yes
./mainnet/e5/e59b261d3ea188c952ff254ffaf270568ae3ef02_ECDSA.sol,Yes
./mainnet/e5/e5618b30536A8001954cAC5EeD76c500449da62c_Fintoch.sol,Yes
./mainnet/6c/6CDDedD171Ae4f2aCF6AD3Eb0a67dFAa04fb51bE_SodiumWallet.sol,Yes
./mainnet/6c/6cb26df0c825fece867a84658f87b0ecbcea72f6_LifesAJoke.sol,Yes
./mainnet/6c/6Cbd2Ce7fC763fBd160C6ADFdd938f7Ae63dD2ec_AristocratsBattle.sol,Yes
./mainnet/9f/9fe932c142260f215acc81560a315fb45863b17c_MonteLabsMS.sol,Yes
./mainnet/9f/9f4050314a4f39a62c13c1899a63141826c3c01e_RockGuyContract.sol,Yes
./mainnet/54/54ed266d42dc8e1ee543768ff1ded7b896a03e7b_CodeGreenHealPass.sol,Yes
./mainnet/54/543b4daf1288ff38250f0a9a9919cd239f0ce9a9_MintedTokenCappedCrowdsaleExt.sol,Yes
./mainnet/5b/5b28c6856d61ca91cdbaed52eab7dc8135287818_RBCLand.sol,Yes
./mainnet/54/54d17db378717b433c1369d1628d92840202dc88_CrowdSale.sol,Yes
./mainnet/5b/5b3110e9cf108b34a3d8ca63ccc7690aede5cead_PointNFT.sol,Yes
./mainnet/87/8785a9143d22e7001c16b64592ebc31dcd82a1b7_WingWars.sol,Yes
./mainnet/87/8704f5d561c5da161a77297fd0a9a156ed427793_collectibledm.sol,Yes
./mainnet/87/875c6c366ad49738de6c738127d0510e89e7abbe_HivePowerCrowdsale.sol,Yes
./mainnet/87/874b5EcB0BA31f109E7c84f4b14Fff03Bb16e5d0_Settlement.sol,Yes
./mainnet/87/87e9f34f9ce3a5cf14a1eb8a05a762cde367a2a5_OptimizedMinterAdvancedAuth.sol,Yes
./mainnet/c2/c2b012fec002e66b47decab0e80c65f5c2ea7bd7_noETHleftSER.sol,Yes
./mainnet/c6/c69dd0dd8c284657f2a894599d9664c5f1d84507_TacticalTigerz.sol,Yes
./mainnet/c2/c2170f947ab74a864bca72736f3fe9e5209f7bc9_DoorsAdditions.sol,Yes
./mainnet/c2/c22a1024ebd4bc0b6ea7d86f173736994ba2520d_Shiitake.sol,Yes
./mainnet/c6/C6135B45931bd905A989c5FE6a9d172B146caD24_DegenzDen.sol,Yes
./mainnet/b6/B6F9727051E9a027CDe50795533ce9403FB3E110_SwapContract.sol,Yes
./mainnet/1f/1f92207b4B7357Cd497496bFD4D4cA9fdD2029f3_MintableERC721New.sol,Yes
./mainnet/1f/1f10ff148a0ad63a57f98530ab472568e90a72c5_KYFV2.sol,Yes
./mainnet/1f/1f72dfe15e97f6644800043d9ba1066e34b095fb_Unleashedplatinum.sol,Yes
./mainnet/9e/9e2f2dd1e3641f389673f89dc316bb00b01cd83a_BitEyeEx.sol,Yes
./mainnet/9e/9e10Eb030339BaFdD7AA00A633114D3c7514Ea8C_PlanetDegen.sol,Yes
./mainnet/9e/9e30a82e98c17650b4e4ce6c45a9779349073b35_CheesePriceOracle.sol,Yes
./mainnet/9e/9ec1da288f8728492c9d95d14bee8454c058e619_DGPSTARNFTs.sol,Yes
./mainnet/9e/9eae40de958f4e850616e0e8d0d1d2f5a7766468_nft.sol,Yes
./mainnet/11/11acd8dfcbc9711ad88e5d7b57fb4f1c6510b5cf_LiteSig.sol,Yes
./mainnet/29/29d36449ce1984ca638d4ec8a622db44f867c929_ECDSA.sol,Yes
./mainnet/29/2998d346c66259e3e73dd7410899948371a28e94_UniqueOneToken.sol,Yes
./mainnet/11/1149d772bce9a636d0d7535ec865f3c6c8ee3b5c_ECDSA.sol,Yes
./mainnet/11/116fDa1BF1f9C38A98Afe2A8FD67Ba5b9714dfa9_SocietyOfTheHourglass.sol,Yes
./mainnet/29/29826e98ede85a8b936653cd13c120e7140f04c1_Zircap1155.sol,Yes
./mainnet/e5/E551B6120b2dc2FB8aB0f3806Cb37B6f833d4C86_WAGMIKitchen.sol,Yes
./mainnet/29/291a4654f46d598332cb629481424a5adc645de2_ALIENATORS.sol,Yes
./mainnet/e5/e541101fa050b7aa073eb59e5b6e7f5a7183ce88_Extremeorange721.sol,Yes
./mainnet/e5/e5c9353af2f0dab9a02607e7f1f874f1a9060387_CryptoLand.sol,Yes
./mainnet/9f/9f4b717b1e7b4465cc3e81d4f2d12e25b83aa3d2_HunnyBunnyNFT.sol,Yes
./mainnet/64/64eb90e46c7d8d9c31b6d2cdc4d4c13a7bf2461f_Monostore.sol,Yes
./mainnet/64/64386613c1abc7a2ce3c00765f505c025d10b8b1_EthealNormalSale.sol,Yes
./mainnet/9f/9fa6cb72782de85c5ec9d567cbf4fc4c1e1941ee_GrapevineWhitelist.sol,Yes
./mainnet/64/648E8428e0104Ec7D08667866a3568a72Fe3898F_DystoApez.sol,Yes
./mainnet/9f/9f8710150d77712531db8c616b10ef90c63b52fc_CAFE.sol,Yes
./mainnet/64/6466514368a0c2e1396bc3164495c6f90cba92f6_TankNFT.sol,Yes
./mainnet/9f/9ffa4d929e5522fe0dc34f12ba254fc398b4689c_Cryptopumps.sol,Yes
./mainnet/fe/fEF980f4A9B0d08af665CB8F6dd32c8f3317cC53_NFTYGiFY.sol,Yes
./mainnet/5b/5bd6a6d4b21d4b4952426cb23aea7f7bb4944c9b_ReconTokenFactory.sol,Yes
./mainnet/fe/fe3311d1af3c49e9e469972759bec0a04a39bf07_riph.sol,Yes
./mainnet/5b/5b36Ba0956d5040c8Ca8F431013138410Cec9bB2_ANIFIE721.sol,Yes
./mainnet/fe/fe32108705cbd8a44e429aabfeabcafd372a4e06_NekoZamurai.sol,Yes
./mainnet/fe/FE9E420370f0e3b0f13b6089e5b8bFBB585D0Ea9_Mona_Lisa_Artist_Proof.sol,Yes
./mainnet/ca/ca9b96fac40004e51e81c57714f10a39d02f9451_nft.sol,Yes
./mainnet/b6/b6b750ef0ab68cc029db015a25c3117fc9e7d59c_ECDSA.sol,Yes
./mainnet/4a/4a28f99a98d92da40c31135cbc918a8ea96af878_DopeHeadsNFT.sol,Yes
./mainnet/b6/b6b5ace4d80e65aa69e06dd2f99fe76c2177d876_SMSC.sol,Yes
./mainnet/b6/b630a38cb8b5f3a00df576415e5efd20b7cd5e28_Choon.sol,Yes
./mainnet/4a/4af2360a5e1abfe74cb4c845f95c996fe8e02a08_MindBlowers.sol,Yes
./mainnet/b6/b60532ecb43adbc915686e6532f7662437288f61_VestingVault.sol,Yes
./mainnet/a4/a406489360a47af2c74fc1004316a64e469646a5_Surreals.sol,Yes
./mainnet/a4/a47893f04570c68855de7fe9ee3c28f9c0ce13fc_ECDSA.sol,Yes
./mainnet/db/db454bee1c617edefc2c4b1b2a5a9c1d5a342338_GolomTrader.sol,Yes
./mainnet/db/dBCe32eB91FDf3C63163799826b5F087D61b4456_StoryBits.sol,Yes
./mainnet/29/2901f167416edac67596065b38a4009c354d1059_BridgeEth.sol,Yes
./mainnet/db/db9b851e8972ba0c179bf8a9246a815411ef1ce4_PoodleDunks.sol,Yes
./mainnet/db/dbfdadd6854b1b803b95a78bcca176ffe19a740e_DigitalApeClub.sol,Yes
./mainnet/29/29ee0d92c5d9b3982173ccea98520c59a1e58046_CryptoAtomica.sol,Yes
./mainnet/0d/0dB55Edc962e5179ba58C43B47986EF915BdDC79_LittleMutants.sol,Yes
./mainnet/0d/0DC55E87741bf7C62b4fB05479868B0751e5B80D_FISHGAME.sol,Yes
./mainnet/0d/0da8116ed53797221a24c40193fd83ee28d75b67_ManagedMultiWallet.sol,Yes
./mainnet/64/64bdf0a20f8476289326c3ff7577e9e7eef99072_ApeUloanClaimer.sol,Yes
./mainnet/0d/0d945513992679f3f4083f1cb2b630a898285660_BAETradeETH.sol,Yes
./mainnet/64/647e43783435781965C711D791ACba09B2aA8edf_SigContract.sol,Yes
./mainnet/fe/fede8401e576adc37c404c610a2dbd40be4af2ca_PlanetHaresBank.sol,Yes
./mainnet/fe/feC1408fa5eF2A57c4f46EDb3c105Ff3804AC5d6_AlliToken.sol,Yes
./mainnet/25/25C4599C28F2d190Ae2363e9a8cd2cD7B3c6318A_OxKK.sol,Yes
./mainnet/25/25f2f9fbb13ebf223defe4d79c56002cf8eb65a7_TopDJVIPNft.sol,Yes
./mainnet/8d/8df59ce1bdc4c60fa04cfed28d7d668f5a629aa3_Crowdsale.sol,Yes
./mainnet/8d/8d39A386e417496C57e61a7DAcC017F8409D4c87_Momoguro.sol,Yes
./mainnet/ca/ca0e8b0b9a5547aae116d967c3dbda9ce0a182e5_ERC1155Sale.sol,Yes
./mainnet/4d/4dfa3bef4936962a93092777f29d993b4ea2b6a5_Davitar.sol,Yes
./mainnet/4a/4a2cf32723c1572c14ab1bd4893bca71a6f754b5_Htlc.sol,Yes
./mainnet/4a/4a793dff8db7717fa042c5a71cbdaee883016ba6_WhikoNFT_ERC721A.sol,Yes
./mainnet/4a/4a8fC87FC75E1cD42862A50167C0aC0586Cf369a_HANAKO.sol,Yes
./mainnet/a4/a41aa09607ca80ee60d2ce166d4c02a71860e5c5_XTVToken.sol,Yes
./mainnet/a4/a4d12642edc28a7f852b86d788a5b175d853fac4_futureTurtles.sol,Yes
./mainnet/5a/5accfe50f9d5a9f3cdab8864943250b1074146b1_RibeSwapFactory.sol,Yes
./mainnet/3e/3e54b6c7610a734a83f3542f5b5f9ca2dc6fae48_JunityOfficial.sol,Yes
./mainnet/3e/3ef3db50d3419619b0ba7a0be6533f2f1c5d0aec_Catlantic.sol,Yes
./mainnet/0d/0dfae14a7973ded69fc0223da55460bc29994fdd_TokiUniverse.sol,Yes
./mainnet/0d/0d5ef019ca4c5cc413ee892ced89d7107c5f424d_IexecHub.sol,Yes
./mainnet/25/259c1bc55f95c66b9c800814a78d191ecf26f0a5_QubeLaunchPad.sol,Yes
./mainnet/96/9679d1Ea401Df089C08e08099C1Fca6D46EEc448_InverBirb.sol,Yes
./mainnet/25/259d46F1559e4d41FAf61d858b4b439D3962fC57_@openzeppelin_contracts_cryptography_ECDSA.sol,Yes
./mainnet/96/965c6aec708d9d3f405a5126209f8d4e3cc253c4_Meltdown.sol,Yes
./mainnet/25/259562c54c07aca61e12ee12c62016eaf3fd7852_Nokon.sol,Yes
./mainnet/3a/3afe1657091e68296364b0d8582bf02ecbc3eb96_XinqiYangNFT.sol,Yes
./mainnet/8d/8D18efd4f816EC82a649CeEF2aDa94d5F45114A9_PugzNotDrugzEpilogue.sol,Yes
./mainnet/3a/3A7509D060223B1458A41B3Cc034164ACC8C7b28_MultiHandler.sol,Yes
./mainnet/3a/3a46c9402e210751e5d7f891cad2d4e3ccd01787_SacredSerpentz.sol,Yes
./mainnet/3a/3a82d482e7620b3257718d7926e47a0e53f21466_LiabilityFactory.sol,Yes
./mainnet/8d/8d525db8385e1e5F2E63Fb38Be1a7F6504C364EB_ERC721LendingPool02.sol,Yes
./mainnet/eb/eb12a835c2fd57a912a76590c527fbb8e5e28f91_Manager.sol,Yes
./mainnet/eb/eb897ad24189a911cad00c071fc7182f5753a3d3_TaskRegister.sol,Yes
./mainnet/eb/eb113c5d09bfc3a7b27a75da4432fb3484f90c6a_Kinesis.sol,Yes
./mainnet/4d/4d5c95a1a0285fb7312663f8517dfecffe22743b_GremlinUnderground.sol,Yes
./mainnet/5a/5a3d9895c14485f90604fc0c39ce63ce0b037f77_YellowDuckCollection.sol,Yes
./mainnet/50/501c17b26029f3a129fd9adeb4b642bd35a35248_SolClub.sol,Yes
./mainnet/50/502Fa71c990D5447325d0A8b3F96A95a199F3053_Exchange.sol,Yes
./mainnet/50/50c5e47859a589d9ff7a88f2193cee175a4a16e3_SpaceConvicts.sol,Yes
./mainnet/50/5098bbbb2162502c930e3b02510faaf5d3a2e6b5_PrimezExchange.sol,Yes
./mainnet/50/5072F6817F54F81bC3468B3a5F224BcCe49b5cb0_MK00.sol,Yes
./mainnet/5a/5a8b20e070e82b4e3fb97ecbd71b587a74f2ecc1_AllocatedCrowdsale.sol,Yes
./mainnet/50/5052053d958c763e96d4908990e74df2e04299eb_ValidatorShare.sol,Yes
./mainnet/50/50484176F62bc7B5c5F24Db12ce0508c514D0C07_IdentityFactory.sol,Yes
./mainnet/3e/3edc8437dbe93104f402629208bceab33dc35651_GorillaClub.sol,Yes
./mainnet/3e/3eb0c8a43530f0ab82977657055212d045429ed4_ElumntNFTMarketplace.sol,Yes
./mainnet/a6/a6358441F68eD4707E1c4366a0D2E2233bB4841D_@openzeppelin_contracts_cryptography_ECDSA.sol,Yes
./mainnet/32/326923c142e4a75316b091cfd7d292eeffcf20a6_Teikhos.sol,Yes
./mainnet/c9/c95d227a1cf92b6fd156265aa8a3ca7c7de0f28e_GameChannel.sol,Yes
./mainnet/c9/C9e69B6a134DEDa6c42C8DF027D0672538030eCa_Utils.sol,Yes
./mainnet/32/326A9e78b24cA3c8bC0Cd314D67415ec7a1a7f6F_StreamA.sol,Yes
./mainnet/32/32166f7492c3bdd428dcc8d38c6c9e89e7f46101_FlatPricingExt.sol,Yes
./mainnet/c9/c9c0159644d3789eceb4f8cdfcf99c7605ae505c_BearnTokenERC20Chef.sol,Yes
./mainnet/c9/c91abe2e6c539d5a590bcaa1df0349703e2dbc6b_WastelandOutcasts.sol,Yes
./mainnet/c9/c99c9f8a8b5b6b3adf36219aa847bcdd1bfe1b04_nft.sol,Yes
./mainnet/c9/c995ced21b7b36dcdb80695b536222fdd6c35bb7_Airdrop.sol,Yes
./mainnet/ef/ef3d36A282e74b5bcba8a45262687DDb31495Cd2_@openzeppelin_contracts_cryptography_ECDSA.sol,Yes
./mainnet/3a/3a5051566b2241285be871f650c445a88a970edd_TheHumanoids.sol,Yes
./mainnet/5d/5D9E1f19bCE9F0fcD2De28E6B30F772878C3EC16_goblindungeonNFT.sol,Yes
./mainnet/5d/5dB11d7356aa4C0E85Aa5b255eC2B5F81De6d4dA_GnomePals.sol,Yes
./mainnet/5d/5dee343a2de4ca6a83cfdad044844af0451f69fe_Exchange.sol,Yes
./mainnet/5d/5d96a22daae62e6c18dcdc32b5c102c317a0187a_EIPNFT.sol,Yes
./mainnet/5d/5d494549e6d9f38478C8606Ab98aD83A078EdC5A_BvbBox.sol,Yes
./mainnet/5d/5d6e9a6531a0957a4aa42be9fdf36227cb5e9f76_BridgeContract.sol,Yes
./mainnet/f2/f20b9e713a33f61fa38792d2afaf1cd30339126a_BancorNetwork.sol,Yes
./mainnet/f2/f218cb602b0f24dd5e246aa0058f2363f45eb04d_HappyRedPacket.sol,Yes
./mainnet/f2/f297f8970ef3dadb3beb6de78b135debaad3a626_DragonVerse.sol,Yes
./mainnet/f2/f2555451d1ed412d20369300bb15f30339b38bd9_Jesus.sol,Yes
./mainnet/f2/f21B860eBBcA60e84964107123F25e5a994D3E09_CPIInu.sol,Yes
./mainnet/95/95be1bf10b4d66d0f7f76f9635e1e36967652a56_AuctionERC721SaleNonceHolder.sol,Yes
./mainnet/50/50C2EB7126359DB107E9beA7201090b87De116b3_TestPass.sol,Yes
./mainnet/50/501a988a302847cd4a6f4734e37ab330f0b49f38_StoreFront.sol,Yes
./mainnet/a6/a635ae0ab1298cdaee6749823078fb4238f4cc40_MintedTokenCappedCrowdsaleExt.sol,Yes
./mainnet/ba/ba07cd4712a308be5f117292a07beff94a7fe0cf_Squiggles.sol,Yes
./mainnet/a6/a6e0ba4e8df9429878bfd43eb26f50f1b462c8f7_KRLRacers.sol,Yes
./mainnet/ba/ba5a17f8ad40dc2c955d95c0547f3e6318bd72e7_NanoLoanEngine.sol,Yes
./mainnet/ba/baa063fd1b0b631e13f9ff2b5aff872fe140087c_ECDSA.sol,Yes
./mainnet/c9/c98c7770bba4993f1a11259daade18c1ea957870_Royalty_GAT.sol,Yes
./mainnet/c9/c9475b6326bc9a5c4cf323927ae9818491cc528d_ZCNYToken.sol,Yes
./mainnet/7b/7bDD1711da5E1b9a03c69147bd4489702C949F7a_Charm.sol,Yes
./mainnet/7b/7Bf1Ab205D74201F038FFc7FAd95e5729e103199_@openzeppelin_contracts_cryptography_ECDSA.sol,Yes
./mainnet/7b/7bd0e03fc4714baec82220d85145c9a36b81fb0b_LoccoStore.sol,Yes
./mainnet/7b/7b6d8d4c9ccb2417b66184a03239447c80b28871_BridgeBase.sol,Yes
./mainnet/ef/efcfed8a9e2ffeeb605b96d7120b2cb6ab092097_ECDSA.sol,Yes
./mainnet/dc/dc61af2d1abf1f4952fbce991939f560f1dc3a3d_AddressSignatureVerifier.sol,Yes
./mainnet/dc/dC2bdf552781D2E36D035D8Ce3acf1c296579A88_MintableOwnableToken.sol,Yes
./mainnet/ef/eff47bF1184edf6B88Fa196dd648b12812cA6865_JuiceswapFactory.sol,Yes
./mainnet/dc/dcdb78ba8d4c9eddbe6798b8bb7d05ca52c3be75_EthealWhitelist.sol,Yes
./mainnet/dc/dc58a481c27a6a376c02b97e1be2fafa0b22775b_YFVVIPVoteV2.sol,Yes
./mainnet/dc/dc0897529568b142d8a7a82cf6893948b7f47123_DharmaSmartWalletImplementationV12.sol,Yes
./mainnet/5d/5d89cd6f9cf66ab82513b396a46c0c812af89b5c_EURSToken.sol,Yes
./mainnet/5d/5D56DE244ec928c456A463c16c3a1037ffd0A8E9_POLCBridgeMinter.sol,Yes
./mainnet/53/53c971be979a9d386cdcba85abfb6a7340cbc252_SporeYield.sol,Yes
./mainnet/5d/5de9f32b2665bb2cdc23bfb51b03e2a2985ecc87_KYCCrowdsale.sol,Yes
./mainnet/ae/AEf4cA8a288CEeF581432D3ae6149535a4d9Dc1A_NFTSale.sol,Yes
./mainnet/ae/aed39dfA6Cb15146c996Ee378CA1C2153ed59464_VikingClub.sol,Yes
./mainnet/f2/f226b12c03514571c5a473b2627f5528da46d263_LavaWallet.sol,Yes
./mainnet/ae/Ae619f94d35328B4c15D235d45ac72EBDecA93F9_MetaSphere.sol,Yes
./mainnet/ae/aec4532dec39b63190a5a60bd988256d3e7adbbb_DecodeCheckpointSignerList.sol,Yes
./mainnet/95/95F6f73484b37Fcc36a75BD5d96D861CF855e85d_Utils.sol,Yes
./mainnet/93/93fca5dad20bd25a0572c87dd93fc202fc4bbe46_MainlandPortal.sol,Yes
./mainnet/95/95fCe38C603C294B8F7AF961bB982D9C41F85007_SushiBlocks.sol,Yes
./mainnet/09/09F589E03381B767939cE118A209d474cc6D52fC_MutantMfers.sol,Yes
./mainnet/09/098c372bc59cde43839633a52b844a5ee9c87b30_CornerstoneLand1155.sol,Yes
./mainnet/ba/ba24bfbaf250dc602318b53d2a8c9723acdd79a4_EtherCashPay.sol,Yes
./mainnet/0c/0ce80662769f22fd161e5e92cfc82121c835e097_e2pEscrow.sol,Yes
./mainnet/0c/0cef26e45250fda452febc6e40eb7590027088f1_FotoClaim.sol,Yes
./mainnet/7b/7b9e0e62e3798ffb33326421a7d203ffd60b711c_NFT.sol,Yes
./mainnet/0c/0c734134D68ADbC6EeEb7477f77409Fdf7BC9Dee_SheetFighterToken.sol,Yes
./mainnet/0c/0c51F87182C3ab3f02B6d848e46CBe64BE4c2edf_SKMarketPlace.sol,Yes
./mainnet/0c/0cdc3052f7a13634ed1f30abae4b92953dd35fa6_WWAfterparty.sol,Yes
./mainnet/7b/7bf4b9f57a8c5cf164ce4cacde6007f6d648a419_Outercasts.sol,Yes
./mainnet/dc/dc9B9Cc080533BbD50c2F3e0da8fDae69993e3cA_PharaGoddess.sol,Yes
./mainnet/f5/F58DBdF7824D5c64DeA3048d48B27797693F5702_LamborghiniAutomobili.sol,Yes
./mainnet/dc/dca9e0c6d45eeee6cbbeaae37ba2f310230d27d1_SacredSerpentz.sol,Yes
./mainnet/f5/F5123317A6cB1433e505D87DF700295873f61630_flipperthebird.sol,Yes
./mainnet/53/539B2fFB92E3fA7fF353e67B9BA7AAf20FEd3743_TopMomentsPurchases.sol,Yes
./mainnet/f5/f53cbc0a85bc81e1b99d6197d74d735df749f8a5_EthealDeposit.sol,Yes
./mainnet/53/5321a3f5edfbe01d30995a8b44e4184c3284b5be_Claim.sol,Yes
./mainnet/55/553a13696D430a0E974674C1e01373E8287d8d52_PlanetDegen.sol,Yes
./mainnet/55/5506096Bb82F730fE2427E4eE4a45f6f7Cc9dc98_Pumpkins.sol,Yes
./mainnet/55/559329F2280A3e40722E26523D50C9183Ae0044c_XpheresSpecialNFT.sol,Yes
./mainnet/55/558C7ebb10514A6786D83A26c322d0b53e39D603_AuVImplementation.sol,Yes
./mainnet/55/5528b8c879c2903fca62c3d1d4cca265451bcdb9_AfricaGuildBadge.sol,Yes
./mainnet/55/5535ae56a2c005ace1db0c9cd67428b25b03983c_CollectionCreator.sol,Yes
./mainnet/55/55031dc85c8a7e33815849e76ba2d1a5aabc8cdd_Trade.sol,Yes
./mainnet/55/55687452bb0295813fbc036e958b6843ead9e0be_SatoshisVision.sol,Yes
./mainnet/ae/aea836712345549cd69f5c48862bdf3d332bfd99_Trade.sol,Yes
./mainnet/80/8065c44ff1f3d8f38c8a16fa4a4121c7f6fcf4d8_VerifySignaturePool02.sol,Yes
./mainnet/80/80726048ce4ebffd81bd9b6669c8f756b97e69c7_Cross.sol,Yes
./mainnet/80/80248bb8bd26f449dea5b4d01faf936075b7111d_Pasadena.sol,Yes
./mainnet/80/80404d001f4272f71df26262f1f90ba7bb026e5a_CrowdSale.sol,Yes
./mainnet/66/668F93DC1D8fdB2a7FeC7C5082a9149e3A23a9Df_Upgrade.sol,Yes
./mainnet/09/09a439c50465e447cb1a662da536f23a7e39374e_SwaprateMatch.sol,Yes
./mainnet/66/66fbea0e7ff84246002c1d3ee89be3bc01553909_PhantomClub.sol,Yes
./mainnet/0c/0cf40c9414a045e67f12aa6fdd25480f6186f0a3_IllLickIt.sol,Yes
./mainnet/40/40c822A8a7d8536d37a4a952F3e6b9a0cD53f8E9_ValidatorSlasher.sol,Yes
./mainnet/0c/0cc86DA640878DbCf54D0F090a51f9C1c85aA42C_DAOBnBNFT.sol,Yes
./mainnet/0c/0cd4638abd6317837a62d383fa9e77a513b3b871_Aggregate.sol,Yes
./mainnet/0c/0cd1474926b5a706377dcfe54b4ef0400bebaa66_PreICOProxyBuyer.sol,Yes
./mainnet/74/741fea3f950f1b21744569e085b3e592d6b0244f_WOONKLY.sol,Yes
./mainnet/74/74338262a35ec73567Ad6A04946976F1A6cB647A_ECDSALibrary.sol,Yes
./mainnet/74/74cb5611e89078b2e5cb638a873cf7bddc588659_Wizards.sol,Yes
./mainnet/74/741090779fb989fcf39468cc3719de45666f3cc7_TokenIOFX.sol,Yes
./mainnet/74/749f444faea338e367791f714f4e3d08c0df4faa_ROYAEDITIONNFTS.sol,Yes
./mainnet/bd/bddecfaa1f67d414039523498a6d73369d239a86_LoopringProtocolImpl.sol,Yes
./mainnet/0f/0f75214ac5af0bb9ed5e3475bc7819a1a3980c3e_Cells.sol,Yes
./mainnet/f5/f5cb350b40726b5bcf170d12e162b6193b291b41_WBIS.sol,Yes
./mainnet/f5/f5c4c61e3358a07dd730edbb4fcf7f4e2e672192_Saibushi.sol,Yes
./mainnet/bd/BdC087d1237CbFbba2C792eBcfA149c8b7978aCd_W0ND3R.sol,Yes
./mainnet/bd/bdafddc47d1cbac27f80a918908922aa6bf4b5bc_GrowDollar.sol,Yes
./mainnet/bd/BD888e50969748805cDF77bCF283fEbE493f190c_Metahelmet.sol,Yes
./mainnet/f5/f5641f2055d6d2db77902a644d3a9fcab1eac7bb_Withdraw.sol,Yes
./mainnet/f5/f5d690c9d61092112660feaf62e542a670fa886d_SwaprateMatch.sol,Yes
./mainnet/bf/bf6008bd7ac150e50fbb4efe6aa6af5ae47362b9_MultiSigWallet.sol,Yes
./mainnet/f5/f52d5ecee1cc7839ea927fec5ff5e0dc2c3069d9_nft.sol,Yes
./mainnet/bf/bfa4d71a51b9e0968be4bc299f8ba6cbb2f86789_ReserveToken.sol,Yes
./mainnet/bf/bf2ec30bc8210e334d056c51fdccf1336d5fcebc_Lootex_Passport.sol,Yes
./mainnet/bf/bf0F9180325D2606765c8fc60566810830B897b0_ArtAI.sol,Yes
./mainnet/80/808cd3abff825018d1b576ed09103a77cadddbef_ControlledToken.sol,Yes
./mainnet/42/42774b9981bdc3f818fbe6b5db7ba1b60c65ed3d_WhiteBoy.sol,Yes
./mainnet/f8/f881ac8e0bae5fcfe125e88c5f90a693af3ea8cb_ClearingHouse.sol,Yes
./mainnet/f8/f8D723d289625B6cD001f9Ecd1c613D140DD31c1_SpoderBytesUniverse.sol,Yes
./mainnet/f8/f8d2616132c0cd19f1dce1d7c264f000c2012838_Yuga.sol,Yes
./mainnet/66/66b5eB7152861168d7176B5235Ee41C9C9AA4a05_LilBOB.sol,Yes
./mainnet/66/66a9c4873b21befb359a939e60f22a66025cb337_FeralfileExhibitionV3_3.sol,Yes
./mainnet/ce/ce5Ff263440E0E500a11798d417fF947872d4327_fatfuckgoblinz.sol,Yes
./mainnet/66/666cFDbd5eE63150ced65b5842FDAF16D48e40AC_Metavists.sol,Yes
./mainnet/ce/cef66281b423071a123a4263f9c3dc188d04fc32_Token.sol,Yes
./mainnet/40/406bfD9cDb247432fEEA52edD218F2a4Bd238C9b_Redeemer.sol,Yes
./mainnet/ce/Ce574C530C4EA93E15d2f495C9b89a1528F92961_ERC20.sol,Yes
./mainnet/ce/ce82d65314502ce39472a2442d4a2cbc4cb9f293_AnimalSociety.sol,Yes
./mainnet/ce/ceef91849d0871f8fab17ee4623e08406ecafef4_UPYOERC1155MarketplaceV2.sol,Yes
./mainnet/40/404789fd049f56bd9924419f12afba1b2573fc20_KYF.sol,Yes
./mainnet/74/74202531E7b58d29A116ad0a8C4b5FB829d44195_HauntedSuitesNFT.sol,Yes
./mainnet/e6/e65fb5c8aeb0305d3a1db0be2297f3e00b26e8c5_IdentityRegistry.sol,Yes
./mainnet/e6/e60728c7669107aedfa20b7c9486a4be169ebca1_ForeignBridgeErcToErc.sol,Yes
./mainnet/e6/e681f9fbc023f8a35db7a217410028e3c6e1008b_Holiday_8sian_CNY.sol,Yes
./mainnet/74/74f1f16487658068dc242e53bfa5c5581ae9a606_DragonReckoning.sol,Yes
./mainnet/4e/4E3Fdd3DF464be86e0C42924322d45C3a40A27ff_Jeepbeers.sol,Yes
./mainnet/4e/4e018a98c014b77cd68c7a97018e7408e5937a9c_TheInfernity.sol,Yes
./mainnet/30/30bd463d2dd8217b0922efc8bccdd155b387c41a_Tamacorgi.sol,Yes
./mainnet/bd/bd08c2be35c1aca9a6d45f53e2d1856090c9d8ff_Exchange.sol,Yes
./mainnet/30/30Eb8Dd46424846E90Ceab61Ee8D2bEEE5B37dE3_AlreadyDead.sol,Yes
./mainnet/bf/BF51807ACb3394B8550f0554FB9098856Ef5F491_openzeppelin-solidity_contracts_cryptography_ECDSA.sol,Yes
./mainnet/bf/bfe6d33f3dc19deec9e83c310bbf79f8ba5873dd_MP.sol,Yes
./mainnet/bf/bfd31687ee04cd99a5b3ce68248178b374c15476_NekoNode.sol,Yes
./mainnet/71/71175d620a158bbe508cf901a8257e79ac75bd1b_BAEAwards.sol,Yes
./mainnet/71/71c97d36f1fecc0a66726e104eefb147f070c004_Fantasmas.sol,Yes
./mainnet/42/4237908fa64d3caae04e44c93c988571aedd9ca8_Verification.sol,Yes
./mainnet/31/31001410b2898916f626807b62512056A2FdC883_ERC1155Main.sol,Yes
./mainnet/31/31BFA908637C29707e155Cfac3a50C9823bF8723_MedianGNOUSD.sol,Yes
./mainnet/f8/f8c5f2bfc69433c9feced60c16ce0fc7c3468d5f_PharaGoddess.sol,Yes
./mainnet/a1/a12830b2013135ea221de8c54503955ccb77fc94_MetaToads.sol,Yes
./mainnet/a1/A193bE02399028D7428458762Fe216Ef15D636fA_CrossTowerNFT721V2.sol,Yes
./mainnet/f8/f8ffb60a9d8ecb2a44526710db71b81e3a896374_OMNINFTLogic.sol,Yes
./mainnet/a1/a117000000f279d81a1d3cc75430faa017fa5a2e_ANTv2.sol,Yes
./mainnet/f8/F86360f0127f8A441Cfca332c75992D1C692b3D1_MedianRETHUSD.sol,Yes
./mainnet/a1/a117000000e374afd3689c684010fb13418a6b25_ANTv2.sol,Yes
./mainnet/34/3452278F826Ed556283B190acD00cD4e274e4a75_SecondSelf.sol,Yes
./mainnet/34/34b7898199768ca766bfe1080d92827aba6ff77e_klever.sol,Yes
./mainnet/e6/e6a05f25a051a90d5d144c04f783f6999e48e32d_RemasterNFT.sol,Yes
./mainnet/34/34bcde5049e6c7e2fe64ad4a094dcaeef34f9253_ForeignBridgeErcToErc.sol,Yes
./mainnet/e6/e62a9Ed27708698cfD5Eb95310d0010953843B13_nft.sol,Yes
./mainnet/4e/4e0094499668b627872b5cde7b8299b854ac701d_GrapevineWhitelist.sol,Yes
./mainnet/4e/4e755da96e10bcc07d52717052eb9cefba686ad3_MarmoStork.sol,Yes
./mainnet/e0/e0f30cb149faadc7247e953746be9bbbb6b5751f_MedianBTCUSD.sol,Yes
./mainnet/4e/4e693355174cca33c4b96e8ef55abfd0f8d11939_PufferFish.sol,Yes
./mainnet/f7/f769e8993f10be2fc0032863f2c63336cc21478c_ETFCover.sol,Yes
./mainnet/f7/f78df34a4eff59cff1d7fdc8e323a1da0a0dda81_SmartToken.sol,Yes
./mainnet/30/30975acac70b5d774d6f756acd03a9b90cd4d4f5_MutantPunksNFT.sol,Yes
./mainnet/9a/9aA9e4538fdf2F8fCaA3dFfbc7e341B5ecF5622F_MutantBanana.sol,Yes
./mainnet/9a/9ade5b4f0e8370db23e1934eba3c0b93804dc174_JRNYRewardsNFT.sol,Yes
./mainnet/30/3085c9403871c00f7fd2e84dac1bdaa05f5f652e_PreICOProxyBuyer.sol,Yes
./mainnet/71/713df989ecd9c5bb5942b23e7386d473b5620b66_Audit.sol,Yes
./mainnet/71/71455652C9641bb4f9DbA27491b745988c064DA3_KryptoriaAlphaHeroes.sol,Yes
./mainnet/71/71381aa65eaa38e77bf14ae450da9f6202eb59fa_NFTBridgeTransfers.sol,Yes
./mainnet/9a/9a19dac6399400f0d0d517a3ff09f68fed0a49f6_EtherDice.sol,Yes
./mainnet/71/715670c10af646e841b32bff5f87978f0ab24e65_GusdBridge.sol,Yes
./mainnet/fd/fD9FdFAC71Bbc7DD5C7176644De7Fbfd1A6825ee_FeralfileExhibitionV3_2.sol,Yes
./mainnet/fd/fd700ceb32aab1ff21c934e6278e8370b80870f7_LedgerMigrate.sol,Yes
./mainnet/fd/fda03c30645af0dd5afd963222c5973d3fad1386_ppNode.sol,Yes
./mainnet/31/3115b83af820875cc1128f987eda32150f056d71_EtherDelta.sol,Yes
./mainnet/6e/6EBA11664047685f6425CCf91770CBaD7f922A08_Rolex.sol,Yes
./mainnet/6e/6EC4089f67fAd3a73E8b99eE3B811d97E15D3f3e_VisionOfUnity.sol,Yes
./mainnet/a1/A1693D4f599B6d97b9bBdbeeeceD7d7E0a4CCc2e_MintableToken.sol,Yes
./mainnet/62/62092ef12d248dd681d631443a2d675e1d7be3b8_StrykerNft.sol,Yes
./mainnet/34/3498c7927da877faa14198d24caebd6516189646_ethROTHS.sol,Yes
./mainnet/62/62f44856CE7f4a9C71e9221B8c8C421c149E3BB8_CryptostampGoldenDogeL1.sol,Yes
./mainnet/34/348F0b5c3d9613bF2836a0079e939ed25DB7Be37_CyberFriends.sol,Yes
./mainnet/34/34e8bcccccf88f782f6e53a6ebedc8c8b4e766ae_Refundable.sol,Yes
./mainnet/34/34f08F2A3f4a86531e9C4139Fde571a62689AFEC_ViaEarlyUser.sol,Yes
./mainnet/e0/e0fa6c9ce6d457ae8a0b8b2686ce48039416d1e6_bardtownNFT.sol,Yes
./mainnet/af/af76cf1985d647b6658949ca301ab84bbd2d4d72_BrojakNFT.sol,Yes
./mainnet/e0/e02d0bbb32559336967f512a54ace9ac2856e300_PhantomClub.sol,Yes
./mainnet/c7/c7486ba7ee82aa7b67b684d25a492da82e2d9e51_ForeignBridge.sol,Yes
./mainnet/f7/f7a110bdb7010ea94f2d523cd628af3d5726ae20_RCpro.sol,Yes
./mainnet/c7/c72786ad71b5ef5326299409d5fe6912c05635ab_ERC20ShortFactory.sol,Yes
./mainnet/88/88899ef152e066b8afc57b09cefe8c7e04e62ffc_MintableERC1155.sol,Yes
./mainnet/88/883e9ef3391a43daba2dff04b64b1f2921e55c1a_MenderNFT.sol,Yes
./mainnet/9a/9A9e42BC2A0F03BE85985356bbe34d9c83B09c68_ReferrerRewardsDistribution.sol,Yes
./mainnet/88/885e0f7a0696c1181c2756643a7b3cbe664e648b_CTC01.sol,Yes
./mainnet/fd/fd43fe9d69948afe7b896d3856a1de813a536d04_NFTExp.sol,Yes
./mainnet/05/05734427807d5861f0e85d83a8b9627023dba4b4_ToxicTurtles.sol,Yes
./mainnet/05/059a3e32072bf9472c1728b47c8cf19b05c6523c_PieVerseMasterKey.sol,Yes
./mainnet/05/056c0aef6f45a76c4a3da82bec566f3cbfea8805_SafeasyToken.sol,Yes
./mainnet/6e/6ef9a823bc1832bbe7cbf2e390e26c67050107d4_TheInfernity.sol,Yes
./mainnet/ed/ed040c7dbb44fed124d8cbf4b68deab715de1db7_TokenClaim.sol,Yes
./mainnet/6e/6e5ace49d0e051936fcbe63e192445c808fcd490_TaskRegister.sol,Yes
./mainnet/f4/f4919f1cc279a424413cd03c9dcbcafd1c3a5d12_Furafic_Fark.sol,Yes
./mainnet/62/62ca503192e57b701a3300945150e56f059b0387_LoudPunx.sol,Yes
./mainnet/f4/f4dec7c97afd5a2f03088513cc57cc2e48a7c5e5_VirtuePokerSale.sol,Yes
./mainnet/d4/D4653EA628e9a60841AfBF228c478b43857f9C1a_EthereumKnights.sol,Yes
./mainnet/d4/d4a62b8e864de7f8b91e816a24dad8a52a09fefb_MerkleAirdropFinal.sol,Yes
./mainnet/d4/d4c3c23349348fa67f6d044f1357c54d8e6a661b_ApeKidsPets.sol,Yes
./mainnet/af/AfCE8E97E92802c1798F67Ccfb3930714FB2b9aa_NefariousNarwhals.sol,Yes
./mainnet/d4/d45eB82De0f33D4d2261c46B03A6000dD2366480_ApeKidsFC.sol,Yes
./mainnet/2d/2dfa548f9733a95ceb75c39339b8e3fcf60601e8_KXWCOIN.sol,Yes
./mainnet/2d/2d4eba7c029078a70b82ae87d42fd97e48784a96_FracturedApesNFT.sol,Yes
./mainnet/2d/2D32897c631154432F5CC4e08e5608f81EF16bf2_LostChilds.sol,Yes
./mainnet/c7/c7a8480776f2c049c0be8c5fbab28d3ca521709a_MasterchefMasatoshi.sol,Yes
./mainnet/2d/2d92102bf50c111d59b93f7a10bafd13e770ed61_XTVToken.sol,Yes
./mainnet/c7/c785bd41096D5D6e2dA76E110CbADBE04570ec4B_OpenOracleV1.sol,Yes
./mainnet/2d/2d4879ff478565e04644b559580DAD5dB3487A00_WhikoWhitelistSatke.sol,Yes
./mainnet/cc/cccfe9e6d1baceef27b419620792dbf77ccb8ab7_TokenIOLib.sol,Yes
./mainnet/cc/ccd75706e0fc21a7de7238ab0caf3322f8008099_Commoners.sol,Yes
./mainnet/cc/cC7d04FB1E22319961aDEa67DDd18A3C99f888De_MonkeyBusiness.sol,Yes
./mainnet/b1/B184b9414e7d7c436B7097eD2C774bB56fae392f_SODA.sol,Yes
./mainnet/05/059550a1ca3c46a2adb803e9e3ea4585a34f004a_PayableMarginMinter.sol,Yes
./mainnet/b1/b15f854a7d92acc9a8c425a1b0ee11b1a303e6a9_GremlinsWTF.sol,Yes
./mainnet/05/05e4787fc9301fc70873c42eb4c1ef243269629b_ExenoFinance.sol,Yes
./mainnet/b1/b14b42814895fc1b0a528a475f8a5b070eb4c671_FeralfileExhibitionV3_2.sol,Yes
./mainnet/5c/5c27df7ce6796fddb1cc959398e336e84bce4a94_NFTradeableERC1155.sol,Yes
./mainnet/ed/edf513b726a08d8dfd5870f4d345194600b24bdc_GSBDAO.sol,Yes
./mainnet/5c/5c4a7fe7b47007da7cb5a7d25cc9084755b49000_ReservedTokensFinalizeAgent.sol,Yes
./mainnet/5c/5c4e2d7c42e0363521a23e1fd8c72d4f68b9dab1_Sandstorm.sol,Yes
./mainnet/ed/ed24fb48877e62e695c7c2d6130bc0cccb0f241c_NFT.sol,Yes
./mainnet/5c/5c668de15fc517a43ed1e8b25a16de6c12ce8866_Tribute.sol,Yes
./mainnet/ed/ed3882307454569395ebfa5d96c579f64a2f0b88_ajoe.sol,Yes
./mainnet/ed/ed0d7272bf8aa3f8c114c46192b0020d03714f6a_SandStorm.sol,Yes
./mainnet/b9/b99f622369639234990d6c7F46064fbF3BBF849c_FuruGirls.sol,Yes
./mainnet/f4/f41440C6070115440F0402cCe6ee216e26522892_GenesisProtocol.sol,Yes
./mainnet/d4/D48b4077d83E5d78bC1B31764e58aB50cc8F1920_NFTownShares.sol,Yes
./mainnet/d4/d42fb437b9408d09532dc222ebea9b21a61bd351_Molly.sol,Yes
./mainnet/d4/d4e0477de9c484cdb6c5b075477d40e60a90a713_Verifier.sol,Yes
./mainnet/6a/6a5323eb9fc0d19c2289b66a0482bbdf776dcd91_PrivateSale.sol,Yes
./mainnet/d4/D46c8D17f337F6dD07926a4C53Cec4f41D16Be7E_TransferManager.sol,Yes
./mainnet/d4/d45c6d6e5dc15c57296dd8aaed956d3612058908_EtherCashPay.sol,Yes
./mainnet/99/99cea074c2f96ae28ebd27b0f72eeb5b532a753a_CHRYSALISM.sol,Yes
./mainnet/99/992e3ce20febb7fade6fbe32ae1d4b146f471c47_BeepToken.sol,Yes
./mainnet/be/beb4b8ecb5cade935516848a809add1332622e3b_Trade.sol,Yes
./mainnet/cc/cc152BA543A3942A07E488A29702CA1cB40Ea7e6_PEX.sol,Yes
./mainnet/be/bec5ab1e4a0fc65f4f70d0adab5ae7d772c03f34_TakeMyMuffin.sol,Yes
./mainnet/cc/cc4cdbb5b4c526924ca26c6cb497c93af381e18e_goblinzukiwtf.sol,Yes
./mainnet/cc/ccb8bb39162208264d3413ffcc89495a3c090c39_ExchangeV2.sol,Yes
./mainnet/cc/ccc366ce6ca5b9d08ae9603190469451d7d5a44d_SignatureVerifier.sol,Yes
./mainnet/cc/cce92282d9fe310f4c232b0da9926d5f24611c7b_MedianLRCUSD.sol,Yes
./mainnet/be/be401896658fb7339762e8146db072bde126a55f_PharaGods.sol,Yes
./mainnet/b1/b1f373b9bcc8effa7df428264a87624762adc71c_PlzBro.sol,Yes
./mainnet/b1/b105035c563ed14c17f6beace07f4659c823322a_BBFarm.sol,Yes
./mainnet/5c/5c1a44e07541203474d92bdd03f803ea74f6947c_InterestEarnedAccount.sol,Yes
./mainnet/5c/5c07dcc13b061af607a0725f0a120e8639feeeec_Peggy.sol,Yes
./mainnet/5c/5c6fb3f8ccf3b66d316a30170c7dd958e49d675f_Aggregate.sol,Yes
./mainnet/5c/5c9f10873e7532353589dde2023db4d3be33df77_Fog.sol,Yes
./mainnet/5c/5c02304c58dcc3f0b6f115c8589952300ea0d8fb_TokiUniverseNFT.sol,Yes
./mainnet/b9/b92600ed251da28f858bd720f52acb10e3829550_ZOMTA.sol,Yes
./mainnet/99/9987929b22a8674ce818190dc869f99a2b400762_GovernanceToken.sol,Yes
./mainnet/99/991f0e5c5775ca9dd02e30e67f545c36cff3690e_WrapperLockEth.sol,Yes
./mainnet/99/9914ef2bf261301aaef4dd807c21174c60118abc_SushiFarmToken.sol,Yes
./mainnet/be/be053abff9a8cad24296102ba4fe83c1ee709062_YFIRED.sol,Yes
./mainnet/be/bEE8DDA08027454CDaA4E3D0fe60058213410623_Jesters.sol,Yes
