JSON File,Asset,Total Count,Total Value (USD)
filter_reentrancy.json,0chain,10,1.58
filter_operateBlocknumber.json,0x,39.62164621,22.74
filter_const-address.json,0x,34.96582647,4.93
filter_reentrancy.json,0x,0.032471725,25.77
filter_constant-chainID.json,0x,7.581646207,0.02
filter_const-address.json,0x410e3e86ef427e30b9235497143881f717d93c2a,0.022256672,0
filter_const-address.json,0x5b5cfe992adac0c9d48e05854b2d91c73a003858,5032.234013,0
filter_const-address.json,0x94e131324b6054c0d789b190b2dac504e4361b53,223177.8753,0
filter_const-address.json,0xa3d87fffce63b53e0d54faa1cc983b7eb0b74a9c,0.0045859,0
filter_constant-chainID.json,0xbtc,2.59799999,0.3
filter_reentrancy.json,0xbtc,1071.388698,122.66
filter_const-address.json,0xca3d75ac011bf5ad07a98d02f18225f9bd9a6bdf,12.212829,0
filter_const-address.json,0xde5331ac4b3630f94853ff322b66407e0d6331e8,0.087500016,0
filter_operateBlocknumber.json,1inch,26.6994376,15.82
filter_constant-chainID.json,1inch,29.1817994,14.48
filter_operateBlocknumber.json,aave,0.119226816,13.59
filter_constBlocknumber.json,aave-usdc-v1,5.50E-05,0
filter_reentrancy.json,acent,45,0.39
filter_reentrancy.json,aelf,19.13235858,1.73
filter_constant-chainID.json,aelf,3,11.01
filter_reentrancy.json,aeternity,209.9916,7.77
filter_constant-chainID.json,aeternity,209.9916,7.77
filter_operateBlocknumber.json,ageur,3.51E-14,0
filter_operateBlocknumber.json,agrello-delta,14.13454338,0
filter_reentrancy.json,agrello-delta,14.13454338,0
filter_constant-chainID.json,agrello-delta,14.13454338,0
filter_operateBlocknumber.json,airtor-protocol,171956.2008,519307.73
filter_reentrancy.json,ai-x,1.02E+12,0
filter_gasleft.json,,0,687.91
filter_operateBlocknumber.json,akita-inu,2866278904,12577.63
filter_operateBlocknumber.json,aladdin-dao,197327.1833,4.88
filter_const-address.json,alchemix,0.161200357,12706.06
filter_reentrancy.json,all-in,8643.576632,1.68
filter_constBlocknumber.json,alpha-quark-token,1,247.11
filter_reentrancy.json,alpha-quark-token,147.0896957,0.75
filter_reentrancy.json,amaterasu-omikami,369,0.75
filter_operateBlocknumber.json,,0,0
filter_const-address.json,amaterasu-omikami,369,31.26
filter_reentrancy.json,american-shiba,8.20E+13,30.81
filter_operateBlocknumber.json,ankr,541.3469689,62.07
filter_reentrancy.json,ankr,1090.711276,57203674.16
filter_const-address.json,ankr,549.364307,57190758.88
filter_constBlocknumber.json,apex-token-2,17710115.84,202077460.9
filter_const-address.json,,0,0.04
filter_operateBlocknumber.json,apex-token-2,17706117.3,611298.83
filter_constBlocknumber.json,api3,61699341.24,1403.07
filter_operateBlocknumber.json,apm-coin,5,0.37
filter_operateBlocknumber.json,arpa,7029170.415,122819.55
filter_const-address.json,asap-sniper-bot,3698020.26,2.62
filter_reentrancy.json,atari,150,0.01
filter_reentrancy.json,auctus,92599650,0
filter_operateBlocknumber.json,audius,10,0
filter_operateBlocknumber.json,aura-bal,0.00112419,0
filter_operateBlocknumber.json,aura-finance,0.00581427,0
filter_constant-chainID.json,aurora,15,0
filter_reentrancy.json,aurora,24,50679.13
filter_operateBlocknumber.json,aurora,5,0.78
filter_constBlocknumber.json,aurora,10,827.11
filter_reentrancy.json,axl-inu,1747556083,0
filter_operateBlocknumber.json,azuki,300,3508.55
filter_const-address.json,,0,0
filter_operateBlocknumber.json,b20,8195.255592,2.34
filter_reentrancy.json,baby-doge-coin,11455451064,0
filter_operateBlocknumber.json,balancer,760.7272025,0
filter_operateBlocknumber.json,bancor,2.973961516,29.87
filter_constant-chainID.json,bancor,0.002,12.9
filter_reentrancy.json,bancor,0.002,0.09
filter_operateBlocknumber.json,bank-btc,83599794239,0.09
filter_reentrancy.json,banque-universal,160,0.09
filter_constant-chainID.json,basic-attention-token,0.297346515,0
filter_const-address.json,basic-attention-token,44.7629082,101.4
filter_operateBlocknumber.json,basic-attention-token,0.29572,0
filter_reentrancy.json,basic-attention-token,0.29572,222.04
filter_operateBlocknumber.json,basis-cash,0.000695814,0
filter_operateBlocknumber.json,bella-protocol,100,0
filter_operateBlocknumber.json,benddao,1,8.83
filter_operateBlocknumber.json,,0,8.83
filter_operateBlocknumber.json,beyond-protocol,250000,9.93
filter_reentrancy.json,bezoge-earth,1.05E+11,10.75
filter_const-address.json,bezoge-earth,1.05E+11,100
filter_constant-chainID.json,binance-coin,0.01598804,97.78
filter_reentrancy.json,binance-coin,0.01798804,0
filter_operateBlocknumber.json,binance-coin,0.01598804,0
filter_const-address.json,binance-usd,10.7534606,0
filter_reentrancy.json,binance-usd,97.77556,0
filter_operateBlocknumber.json,binance-usd,100,0
filter_constant-chainID.json,bitball-treasure,1.45E-05,393.46
filter_constant-chainID.json,bitclave,1,0.16
filter_operateBlocknumber.json,bitclave,3,0.16
filter_reentrancy.json,bitclave,5,48.37
filter_constBlocknumber.json,bitclave,1,5477.59
filter_reentrancy.json,blind-boxes,102145.8918,69.09
filter_constant-chainID.json,blitzpredict,1371.735317,0.12
filter_reentrancy.json,blitzpredict,1371.735317,0.03
filter_reentrancy.json,blockbank,30091.95371,7650.15
filter_reentrancy.json,blockchain-cuties-universe-governance,93810.46137,6.37
filter_reentrancy.json,blocks,100,0.12
filter_const-address.json,blocks,225884.0939,551.66
filter_operateBlocknumber.json,blocks,400,0
filter_reentrancy.json,boba-network,14656.5901,0
filter_reentrancy.json,bobs-repair,2407.889,0
filter_reentrancy.json,bone-shibaswap,0.16162648,16030.83
filter_const-address.json,boringdao,97880.39729,24636.63
filter_reentrancy.json,bottos,4,484648.67
filter_constant-chainID.json,bottos,4,44794.32
filter_gasleft.json,bzx-protocol,0.000108973,9361.94
filter_operateBlocknumber.json,cake-ape-usdt-0xb27c7b131cf4915bec6c4bc1ce2f33f9ee434b9f,0.004780476,9361.94
filter_operateBlocknumber.json,cake-apw-weth-0x53162d78dca413d9e28cf62799d17a9e278b60e8,115.7069159,105069.63
filter_operateBlocknumber.json,cake-bit-weth-0xe12af1218b4e9272e9628d7c7dc6354d137d024e,3257.973728,10525.44
filter_operateBlocknumber.json,cake-bmi-weth-0x53813285cc60b13fcd2105c6472a47af01f8ac84,4044.253314,323130.19
filter_constBlocknumber.json,cake-cig-weth-0x7c5bbe30b5b1c1abaa9e1ee32e04a81a2b20a052,5857.97954,19257.21
filter_operateBlocknumber.json,cake-cig-weth-0x7c5bbe30b5b1c1abaa9e1ee32e04a81a2b20a052,5857.97954,66331.65
filter_operateBlocknumber.json,cake-cre8-usdt-0x7c03cf21483fa45006e81669b991af3a16733a44,1.343977695,2248.45
filter_operateBlocknumber.json,cake-cvxcrv-crv-0x33f6ddaea2a8a54062e021873bcaee006cdf4007,7704.763075,98.26
filter_operateBlocknumber.json,cake-cvx-weth-0x05767d9ef41dc40689678ffca0608878fb3de906,830.6158195,32067.16
filter_operateBlocknumber.json,cake-dai-wsteth-0xc5578194d457dcce3f272538d1ad52c68d1ce849,144.3099157,109954.86
filter_operateBlocknumber.json,cake-dydx-weth-0xe4ebd836832f1a8a81641111a5b081a2f90b9430,201.378873,99148.11
filter_operateBlocknumber.json,cake-gas-weth-0x7f7d686b05ce0b9b7b7b0b4d56207ace4b13a87a,23403.64857,77700.03
filter_operateBlocknumber.json,cake-get-weth-0xbb19141e045b133169d7c7160c5e54a54cc821b2,0.389170681,1019.53
filter_operateBlocknumber.json,cake-gog-weth-0x5c596c6a65f628fc1090853d8eb1927651e9d9b2,562.1183591,9503.53
filter_operateBlocknumber.json,cake-lyra-weth-0x52dac05fc0000e9f01ce9a1e91592bfbfce87350,2345.947117,4378.45
filter_operateBlocknumber.json,cake-mars4-weth-0xb50580b0d81d9fe860746387cef9a8fc36d48d49,15091.93451,288.17
filter_operateBlocknumber.json,cake-near-weth-0x6469b34a2a4723163c4902dbbdea728d20693c12,226321.3892,2710.67
filter_operateBlocknumber.json,cake-newo-usdc-0xc08ed9a9abeabcc53875787573dc32eee5e43513,0.004840442,1200986.38
filter_operateBlocknumber.json,cake-nftl-weth-0xf79321e80acd5fa590936f09acb90ec6471fcbc4,1802.161686,933.41
filter_operateBlocknumber.json,cake-nst-weth-0x75507bab932fc47531bf1654f243c088a3fa1f69,22.98666826,108449.68
filter_operateBlocknumber.json,cake-ooki-weth-0xeaadde1e14c587a7fb4ba78ea78109bb32975f1e,61.18267725,661.81
filter_const-address.json,,0,2043252.29
filter_operateBlocknumber.json,cake-primate-ape-0xdbb69ea87507525fffbd1c4f1ad6f7d30a9a402e,12838.48422,15806.73
filter_operateBlocknumber.json,cake-radar-weth-0x559ebe4e206e6b4d50e9bd3008cda7ce640c52cb,85141.55221,39878.56
filter_operateBlocknumber.json,cake-soku-weth-0x0de56b00b45a07b15ca09661336f785e7e4d1d45,515.6115687,1716.51
filter_operateBlocknumber.json,cake-sos-weth-0xb84c45174bfc6b8f3eaecbae11dee63114f5c1b2,200519.3648,37703.93
filter_operateBlocknumber.json,cake-sps-weth-0x1b803af96f37ae51fa753e13e1d2e372dfa17791,41.7942009,20649.69
filter_operateBlocknumber.json,cake-thor-weth-0x3d3f13f2529ec3c84b2940155effbf9b39a8f3ec,25058.84014,192057.61
filter_operateBlocknumber.json,cake-toke-weth-0xd4e7a6e2d03e4e48dfc27dd3f46df1c176647e38,128.3319425,286460.31
filter_operateBlocknumber.json,cake-usdc-cqt-0x17890deb188f2de6c3e966e053da1c9a111ed4a5,0.029194497,17075.68
filter_const-address.json,,0,7399.14
filter_operateBlocknumber.json,cake-usdc-diver-0xfe9a776154f30281517d4f06578591911906f4e1,0.010246737,259199.69
filter_operateBlocknumber.json,cake-usdc-quartz-0x1e888882d0f291dd88c5605108c72d414f29d460,0.035933458,8203.43
filter_operateBlocknumber.json,cake-weth-banana-0xcfa9a297a406a48d1137172c18de04c944b47ba9,76.36876717,15787.08
filter_operateBlocknumber.json,cake-weth-bico-0x55d8ec728ea72477c6db12ca497a803c8db361e9,1650.202401,434181.9
filter_operateBlocknumber.json,cake-weth-ens-0xa1181481beb2dc5de0daf2c85392d81c704bf75d,364.9151601,85115.24
filter_operateBlocknumber.json,cake-weth-gods-0x295685c8fe08d8192981d21ea1fe856a07443920,298.3841145,52545.86
filter_operateBlocknumber.json,cake-weth-hop-0xed92bfe08de542bbb40fdbe0a27ca66313c0c457,182.2108929,2823.69
filter_operateBlocknumber.json,cake-weth-imx-0x18cd890f4e23422dc4aa8c2d6e0bd3f3bd8873d8,930.8007179,31195.37
filter_const-address.json,,0,1148213
filter_operateBlocknumber.json,cake-weth-jpeg-0xdb06a76733528761eda47d356647297bc35a98bd,3074.160488,7.44
filter_operateBlocknumber.json,cake-weth-psp-0x458ae80894a0924ac763c034977e330c565f1687,540.9265228,3387.49
filter_operateBlocknumber.json,cake-weth-vega-0x29c827ce49accf68a1a278c67c9d30c52fbbc348,2859.852737,0
filter_operateBlocknumber.json,cake-weth-wncg-0x877d9c970b8b5501e95967fe845b7293f63e72f7,1611.958487,207.1
filter_operateBlocknumber.json,cake-wxrp-usdc-0xea9b00b169dda4cbc9fa0a64b0d1e4a6a23a3f34,0.02434182,26.91
filter_operateBlocknumber.json,cake-xcrmrk-usdt-0x9b880dd096ef74ef7e4b771526bd9584e0b8f7b5,1.77E-07,26.91
filter_operateBlocknumber.json,cake-xdefi-weth-0x37fc088cfd67349be00f5504d00ddb7f2274b3f6,531.5337645,26.91
filter_operateBlocknumber.json,cake-ygg-weth-0x99b42f2b49c395d2a77d973f6009abb5d67da343,5555.489709,781.06
filter_constant-chainID.json,cat-token,50,5982.34
filter_const-address.json,ccomp,1532.800077,280664.07
filter_const-address.json,cdai,2.00E-08,490.05
filter_reentrancy.json,cellframe,151.170771,9.95
filter_reentrancy.json,celsius,98.5709,13.39
filter_operateBlocknumber.json,celsius,98.5709,13.39
filter_constant-chainID.json,celsius,98.5709,28.84
filter_const-address.json,chainback,92001.30388,11236.23
filter_operateBlocknumber.json,chainlink,15917.73825,2.57
filter_reentrancy.json,chainlink,27.79286735,111.91
filter_operateBlocknumber.json,,0,777.16
filter_operateBlocknumber.json,,0,0.92
filter_const-address.json,chainlink,339.2855479,0.92
filter_operateBlocknumber.json,change,2600,0.92
filter_constant-chainID.json,changenow,130,99.89
filter_operateBlocknumber.json,changenow,130,99.89
filter_reentrancy.json,changenow,280,213.94
filter_operateBlocknumber.json,chedda,1352133557,14.94
filter_reentrancy.json,cheems-inu-new,14565.3377,31.11
filter_const-address.json,chew,6428171.657,113456.53
filter_reentrancy.json,chew,44638885.66,0
filter_operateBlocknumber.json,cindicator,1015.027737,2061.93
filter_constant-chainID.json,cindicator,1016.162391,2979.63
filter_reentrancy.json,cindicator,1016.162391,0
filter_constant-chainID.json,civic,500,431.45
filter_reentrancy.json,civic,500,0
filter_operateBlocknumber.json,coin98,592.9,316.44
filter_reentrancy.json,coinmerge-os,1562331742,0
filter_operateBlocknumber.json,coinmerge-os,428434,0.09
filter_const-address.json,coinmerge-os,205771,56083.5
filter_operateBlocknumber.json,coinwind,3.44E-10,5950.09
filter_reentrancy.json,coinwind,389168.7752,48064.86
filter_const-address.json,,0,386.13
filter_const-address.json,compound-governance-token,43.02008413,0.22
filter_reentrancy.json,compound-governance-token,1.04E-05,0.22
filter_const-address.json,compound-usd-coin,18219.01805,0.22
filter_const-address.json,concentrated-voting-power,0.001146022,197553.95
filter_operateBlocknumber.json,concentrated-voting-power,581.8454906,35.03
filter_reentrancy.json,concentrated-voting-power,0.001146022,1212.58
filter_constant-chainID.json,concertvr,140.867545,0.04
filter_const-address.json,convex-crv,111263.7574,0.04
filter_const-address.json,convex-finance,1625.707069,0.04
filter_reentrancy.json,cook,128043210,600.28
filter_reentrancy.json,covalent,1401,44.95
filter_reentrancy.json,credits,59.711362,7.62
filter_operateBlocknumber.json,credits,59.711362,7.62
filter_constant-chainID.json,credits,59.711362,15789.8
filter_const-address.json,,0,0
filter_reentrancy.json,crowns,316133.3616,6523.22
filter_operateBlocknumber.json,cryptex-finance,7.598942715,9.01
filter_reentrancy.json,cryptoart-ai,294301.2298,708.43
filter_reentrancy.json,cryptobonusmiles,24192.9,7244.1
filter_operateBlocknumber.json,cryptobonusmiles,24192.9,1.5
filter_constant-chainID.json,cryptobonusmiles,24192.9,3247.94
filter_const-address.json,crypto-com-chain,4286.869944,1075.08
filter_reentrancy.json,crypto-com-chain,320.9776519,0
filter_operateBlocknumber.json,cult-dao,1743000,577099.27
filter_const-address.json,cult-dao,1743000,84.37
filter_operateBlocknumber.json,curve-dao-token,1.00E-18,0.74
filter_const-address.json,curve-dao-token,26200.66803,0
filter_operateBlocknumber.json,cvault-finance,0.995878048,83.26
filter_constant-chainID.json,cyberfi,41.18190393,46.69
filter_reentrancy.json,cybervein,2029126.108,6250451.85
filter_operateBlocknumber.json,dai,3253.877638,0.34
filter_reentrancy.json,dai,1077.044967,153.55
filter_const-address.json,dai,7257.352598,0
filter_constant-chainID.json,dai,1.500001,2366.03
filter_constant-chainID.json,daostack,5166.541186,12.26
filter_operateBlocknumber.json,data-exchange,76396210.87,2353.77
filter_operateBlocknumber.json,decentraland,142.7624578,1951.95
filter_const-address.json,,0,0.45
filter_reentrancy.json,decentraland,80.05068023,0.45
filter_constBlocknumber.json,decentraland,1.00E-18,0.45
filter_const-address.json,decentraland,144.6656583,0
filter_constant-chainID.json,decentraland,1.263335084,12800
filter_reentrancy.json,decentral-art,523967196.8,0.09
filter_operateBlocknumber.json,decentralized-vulnerability-platform,1100,23.36
filter_constant-chainID.json,defil,36598.68976,59161.01
filter_const-address.json,defi-robot,451550.9371,147.77
filter_const-address.json,dejitaru-tsuka,77223.8195,23.7
filter_operateBlocknumber.json,dejitaru-tsuka,400,16793063.7
filter_reentrancy.json,dejitaru-tsuka,76823.8195,0
filter_reentrancy.json,delta-exchange-token,98155.2506,0
filter_constant-chainID.json,dent,271.134355,638.07
filter_reentrancy.json,dent,271.134355,0
filter_operateBlocknumber.json,dent,271.134355,0
filter_const-address.json,,0,0.62
filter_const-address.json,,0,1.3
filter_const-address.json,dforce-token,0.022859718,0
filter_operateBlocknumber.json,die-protocol,1.60E+11,6
filter_constant-chainID.json,digix-gold-token,0.001988496,9.52
filter_operateBlocknumber.json,digix-gold-token,0.509148944,3.95
filter_operateBlocknumber.json,dione,4805969.724,9760
filter_operateBlocknumber.json,district0x,310.5191793,0.09
filter_reentrancy.json,district0x,220000310.5,0
filter_constant-chainID.json,district0x,1935.938,0.04
filter_operateBlocknumber.json,,0,0.09
filter_reentrancy.json,dogegf,725261.6393,123.75
filter_const-address.json,dogegf,725261.6393,0
filter_reentrancy.json,dovu,3760212.366,0
filter_constant-chainID.json,dprating,0.251,0
filter_const-address.json,,0,212.13
filter_reentrancy.json,dprating,0.251,1505.58
filter_constant-chainID.json,dragonchain,11.92369379,212.13
filter_reentrancy.json,dragonchain,25.06146345,0
filter_operateBlocknumber.json,duckdaodime,1.00E-18,0
filter_operateBlocknumber.json,echelon-prime,0.291262136,69321.58
filter_reentrancy.json,eden2,100,534862.69
filter_const-address.json,,0,2734796.3
filter_constant-chainID.json,edgeless,735,890985.06
filter_operateBlocknumber.json,eggs,9.76E+11,313670.23
filter_operateBlocknumber.json,electrifyasia,80.9394701,12876557.43
filter_constBlocknumber.json,electrifyasia,1.504634295,10244028.38
filter_reentrancy.json,electrifyasia,202.20765,2824.93
filter_constant-chainID.json,electrifyasia,202.20765,0
filter_operateBlocknumber.json,endlesswebworlds,99800000,0
filter_reentrancy.json,enigma,1.80E-07,0
filter_operateBlocknumber.json,enigma,1.70E-07,0
filter_constant-chainID.json,enigma,1.80E-07,0.01
filter_constant-chainID.json,enjin-coin,492.0097617,32.95
filter_operateBlocknumber.json,enjin-coin,3492.009762,0.68
filter_reentrancy.json,enjin-coin,492.0097617,0.3
filter_reentrancy.json,etherdoge,2.03E+15,2.91
filter_constant-chainID.json,etherdoge,2.03E+15,0
filter_operateBlocknumber.json,ethereans,19309.63157,0
filter_reentrancy.json,ethereum,3160.482556,0
filter_constBlocknumber.json,ethereum,96.77338279,0
filter_const-address.json,ethereum,843.738,104.51
filter_constant-chainID.json,ethereum,274.8862692,134.51
filter_operateBlocknumber.json,ethereum,3972.669115,19560.89
filter_const-address.json,ethereum,165.0155717,0.13
filter_operateBlocknumber.json,ethereum-push-notification-service,11164.11712,0.06
filter_operateBlocknumber.json,ethlend,135.3574776,0.03
filter_reentrancy.json,ethlend,151.1847893,61.41
filter_const-address.json,ethlend,0.002311658,2.96
filter_constant-chainID.json,ethlend,151.1824776,13.93
filter_reentrancy.json,every-game,114,1210.87
filter_reentrancy.json,exnetwork-token,850,936.04
filter_reentrancy.json,experty-wisdom-token,103.6422797,0
filter_reentrancy.json,fair-berc20,100,0
filter_reentrancy.json,falcon-nine,1646.706875,0
filter_reentrancy.json,falcon-token,400,0
filter_const-address.json,feg-token,4.12E+11,3.25
filter_reentrancy.json,feg-token,9.67E+11,6.78
filter_reentrancy.json,fei-usd,6.72E-10,6.78
filter_operateBlocknumber.json,finance-vote,192462.685,6.78
filter_const-address.json,,0,0
filter_reentrancy.json,floki-inu,647153.366,257.77
filter_reentrancy.json,flux-protocol,810137.2682,6.72
filter_constBlocknumber.json,force-protocol,2,0
filter_constant-chainID.json,force-protocol,4,1.12
filter_operateBlocknumber.json,force-protocol,1,20
filter_operateBlocknumber.json,forever-shiba,5406024.813,7.77
filter_operateBlocknumber.json,frax-share,0.4444445,10679.88
filter_constant-chainID.json,freedom-coin,49757243.14,7.77
filter_reentrancy.json,freela,5902664.08,0
filter_operateBlocknumber.json,freqai,34312461.43,0.03
filter_reentrancy.json,friends,20,2070.04
filter_const-address.json,,0,2070.04
filter_constant-chainID.json,friends,20,107.85
filter_operateBlocknumber.json,friends,20,0
filter_const-address.json,,0,0.04
filter_operateBlocknumber.json,front-row,1,0
filter_reentrancy.json,fsw-token,300,0.02
filter_constant-chainID.json,funfair,1100.95518,0.06
filter_operateBlocknumber.json,funfair,1100.95518,162.54
filter_reentrancy.json,funfair,1100.95518,0.6
filter_reentrancy.json,funfi,40000000,14.9
filter_operateBlocknumber.json,gala,4465,691.41
filter_constant-chainID.json,gameswap-org,10,0.05
filter_operateBlocknumber.json,gamma-strategies,3.18E-15,6188159.12
filter_constant-chainID.json,gemini-dollar,1.12,60.62
filter_reentrancy.json,gemini-dollar,20,9.49
filter_constant-chainID.json,get-protocol,1.971,0
filter_const-address.json,,0,0.19
filter_reentrancy.json,get-protocol,1.971,19.06
filter_operateBlocknumber.json,get-protocol,2710.63,607.4
filter_const-address.json,givewell-inu,2628357.847,0.37
filter_operateBlocknumber.json,global-social-chain,20,0
filter_reentrancy.json,,0,0
filter_constant-chainID.json,global-trust-coin,3287,100.14
filter_reentrancy.json,global-trust-coin,3287,94.38
filter_operateBlocknumber.json,gnosis-gno,0.335401643,2843.98
filter_reentrancy.json,goku,1.86E+12,0
filter_constBlocknumber.json,gsenetwork,76,0
filter_constant-chainID.json,gsenetwork,601,63.51
filter_operateBlocknumber.json,gsenetwork,364,0
filter_reentrancy.json,gsenetwork,1054,0.01
filter_reentrancy.json,gyoza,74937,0
filter_operateBlocknumber.json,haki-token,1,0
filter_const-address.json,haki-token,0.04014389,690.79
filter_operateBlocknumber.json,harvest-finance,14.82758249,16.06
filter_reentrancy.json,harvest-finance,0.0011778,11.25
filter_constant-chainID.json,hashflow,15236667.33,11.25
filter_const-address.json,havoc,84198606.79,0
filter_const-address.json,havven,2.34197369,2992.21
filter_reentrancy.json,havven,0.000279523,273.26
filter_operateBlocknumber.json,hex,101.614,273.26
filter_reentrancy.json,hex,10075.53408,273.26
filter_const-address.json,hikari-protocol,227723.8593,42.36
filter_constant-chainID.json,hillstone,1,63.54
filter_operateBlocknumber.json,hitchain,181,2.22
filter_const-address.json,,0,528.69
filter_reentrancy.json,hokkaido-inu,76202356794,2.22
filter_operateBlocknumber.json,holo,31515.11165,1.13
filter_constant-chainID.json,holo,33439.53305,0.36
filter_reentrancy.json,holo,949647.4972,0
filter_const-address.json,hoppy-token,4.22E+11,302.66
filter_reentrancy.json,hoppy-token,4.22E+11,302.66
filter_operateBlocknumber.json,huobi-pool-token,485650.512,4045796.95
filter_operateBlocknumber.json,husd,4.80E-07,11596.01
filter_constant-chainID.json,idexo-token,0.826498727,720.14
filter_const-address.json,,0,36316.17
filter_reentrancy.json,iht-real-estate-protocol,1.15E-08,0.34
filter_constant-chainID.json,iht-real-estate-protocol,1.15E-08,430414.15
filter_reentrancy.json,imgnai,23858.82724,4688.23
filter_constant-chainID.json,index-cooperative,3.22515039,0
filter_const-address.json,,0,0
filter_reentrancy.json,insula,100,21624.23
filter_operateBlocknumber.json,,0,28.6
filter_constant-chainID.json,insula,100,943.53
filter_const-address.json,interest-bearing-eth,1.00E-18,1485.49
filter_reentrancy.json,invectai,75408482.74,1485.49
filter_constant-chainID.json,iotex,4148.599074,98.18
filter_reentrancy.json,iotex,4148.599074,8.12
filter_operateBlocknumber.json,iotex,4148.599074,0
filter_const-address.json,jackbot,6000000,50.53
filter_reentrancy.json,jackbot,9000000,3846.37
filter_constant-chainID.json,jasmycoin,27580,0
filter_const-address.json,jasmycoin,115.9133872,0
filter_reentrancy.json,jasmycoin,115.9133872,0
filter_operateBlocknumber.json,jiyuu,92.46816865,125.26
filter_operateBlocknumber.json,jizzrocket,252594.0441,792
filter_operateBlocknumber.json,jpeg-d,4.62E-12,86.45
filter_reentrancy.json,kanagawa-nami,250000,86.45
filter_const-address.json,,0,115199.82
filter_const-address.json,kanagawa-nami,250000,0.1
filter_const-address.json,,0,0.27
filter_constant-chainID.json,keep-network,18891027.69,0.27
filter_reentrancy.json,kelvpn,1040269.726,0.27
filter_operateBlocknumber.json,kiba-inu,220226116.7,1258.04
filter_operateBlocknumber.json,kimchi-finance,2282599973,1258.04
filter_const-address.json,,0,0.01
filter_constant-chainID.json,kin,16679.99262,0.01
filter_reentrancy.json,kin,21098733074,0
filter_reentrancy.json,kishimoto,2694383096,85.01
filter_const-address.json,kishu-inu,2.21E+11,0
filter_reentrancy.json,kishu-inu,2.21E+11,48.78
filter_reentrancy.json,kittenfinance,1242.771868,1315129.18
filter_operateBlocknumber.json,kleros,32990.05378,0
filter_constant-chainID.json,kleros,1000,0
filter_const-address.json,kondux-v2,11392,0
filter_reentrancy.json,kondux-v2,11392,83.71
filter_const-address.json,konomi-network,4862.879335,0.03
filter_const-address.json,kyber-network,10.9709758,339.99
filter_operateBlocknumber.json,kyber-network,0.0032,0.12
filter_const-address.json,landwolf,31873.41371,72.11
filter_reentrancy.json,lever-network,944732.0288,0.01
filter_operateBlocknumber.json,libra-credit,7.740375627,33286.1
filter_reentrancy.json,libra-credit,7.740375627,96.94
filter_constant-chainID.json,libra-credit,7.740375627,3.23
filter_reentrancy.json,lido-dao,300,3.23
filter_const-address.json,lido-dao,47.4473312,94.12
filter_reentrancy.json,liquid-staking-derivative,3488.906436,340.04
filter_const-address.json,liquid-staking-derivative,3488.906436,24.95
filter_const-address.json,liquity,66206.79457,1198.53
filter_const-address.json,liquity-usd,0.1,284.07
filter_reentrancy.json,livepeer,0.016541741,934.82
filter_constant-chainID.json,livepeer,0.016541741,1555.66
filter_operateBlocknumber.json,livepeer,0.016541741,6.59
filter_constant-chainID.json,local-coin-swap,15348.84877,84.65
filter_reentrancy.json,local-coin-swap,15348.84877,6918.91
filter_reentrancy.json,lockchain,0.069031988,46.34
filter_constant-chainID.json,lockchain,0.069031988,46.34
filter_constant-chainID.json,loom-network,2.56E-08,7913.47
filter_operateBlocknumber.json,loom-network,838.7,0
filter_reentrancy.json,loom-network,2.56E-08,0
filter_reentrancy.json,lords,283.0506918,0
filter_const-address.json,lp-3pool-curve,1275586.01,34.33
filter_operateBlocknumber.json,lp-3pool-curve,3.89E-15,766740
filter_const-address.json,luckyinu,3.58E+11,1145247.59
filter_reentrancy.json,luckyinu,3.58E+11,0
filter_reentrancy.json,luffy-inu,1082113,0
filter_constant-chainID.json,lunch-money,133.089,64105.18
filter_operateBlocknumber.json,maga-coin-eth,1420043.828,969.66
filter_const-address.json,magic-internet-money,0.125137598,0.8
filter_reentrancy.json,maker,1.42E-06,0
filter_const-address.json,maker,0.020154459,0
filter_reentrancy.json,marginswap,1125000,0
filter_operateBlocknumber.json,martin-shkreli-inu,66400000,1.78
filter_reentrancy.json,marutaro,944781.1104,1.78
filter_const-address.json,marutaro,944781.1104,0
filter_const-address.json,marvin-inu,82564591,6030.06
filter_operateBlocknumber.json,mastermind,19990356.93,0
filter_operateBlocknumber.json,matic-network,317.6904749,3229.44
filter_constant-chainID.json,matic-network,1340.369665,0.01
filter_reentrancy.json,matic-network,1045.450371,0.01
filter_const-address.json,matic-network,27.90294583,0.01
filter_reentrancy.json,matrix-ai-network,37320.54789,14.05
filter_const-address.json,maximus-dao,2000,4.91
filter_operateBlocknumber.json,megaweapon,99.2911766,4.91
filter_operateBlocknumber.json,melos-studio,3543904.91,0.18
filter_const-address.json,messi-coin,42208.37026,0
filter_operateBlocknumber.json,,0,96.52
filter_reentrancy.json,messi-coin,42208.37026,0.13
filter_operateBlocknumber.json,meta,259613.7649,0
filter_constant-chainID.json,metal,0.00046716,2.13
filter_reentrancy.json,metal,0.00046716,10.39
filter_operateBlocknumber.json,metal,0.00046716,0
filter_reentrancy.json,meta-ruffy,37310812.53,214.97
filter_const-address.json,metavisa,2000000000,214.97
filter_reentrancy.json,metis-token,13024.53753,0
filter_reentrancy.json,mithril,2.5,0.2
filter_constant-chainID.json,mithril,2.5,0
filter_reentrancy.json,mixmarvel,18759782.09,0.2
filter_const-address.json,mondo-community-coin,79006.015,16159.36
filter_constant-chainID.json,monetha,310,102.85
filter_const-address.json,,0,0
filter_reentrancy.json,mongoose,5.58E+20,18.31
filter_const-address.json,mononoke-inu,360,18.31
filter_reentrancy.json,mononoke-inu,360,62.62
filter_operateBlocknumber.json,multivac,1000,62.82
filter_constant-chainID.json,multivac,1000,27.62
filter_operateBlocknumber.json,musd,3.34E-15,111.12
filter_operateBlocknumber.json,muse-2,316.5387222,8.54
filter_operateBlocknumber.json,mute,5.04E-14,754.72
filter_operateBlocknumber.json,mysterium,19999,3421.98
filter_reentrancy.json,nebulas-token,0.689838704,440259.34
filter_constant-chainID.json,nebulas-token,0.689838704,0.11
filter_operateBlocknumber.json,nebulas-token,0.689838704,113.15
filter_constant-chainID.json,nexo,11.06039033,8.31
filter_const-address.json,nft-protocol,200,8.31
filter_reentrancy.json,nft-protocol,200,8.31
filter_operateBlocknumber.json,,0,1708.8
filter_operateBlocknumber.json,nftx,0.01,10.14
filter_operateBlocknumber.json,nix-bridge-token,7.17E-16,0.82
filter_const-address.json,noisegpt,1712.301215,11.14
filter_operateBlocknumber.json,nucleus-vision,800,5893.94
filter_reentrancy.json,nucleus-vision,12697.1,0
filter_constant-chainID.json,nucleus-vision,800,370.77
filter_const-address.json,nusd,10.48626622,390.27
filter_reentrancy.json,nusd,5.30E-11,38818.27
filter_operateBlocknumber.json,oax,900,1237.2
filter_reentrancy.json,oax,900,76.46
filter_reentrancy.json,odyssey,3442,775840.48
filter_constant-chainID.json,odyssey,3418,0.27
filter_const-address.json,odyssey,6,0.27
filter_operateBlocknumber.json,odyssey,9,0.27
filter_operateBlocknumber.json,offshift,25854.51985,0.71
filter_operateBlocknumber.json,okb,1.805244381,18.25
filter_constant-chainID.json,old,1,1085.17
filter_constant-chainID.json,,0,0
filter_const-address.json,old-bitcoin,2514.061986,0
filter_reentrancy.json,old-bitcoin,2514.061986,0
filter_operateBlocknumber.json,omisego,116.8896673,0.1
filter_constant-chainID.json,omisego,66.0793601,0.1
filter_constBlocknumber.json,omisego,29.04843077,0.1
filter_reentrancy.json,omisego,8.983157105,428.48
filter_const-address.json,omisego,65.868,427.07
filter_operateBlocknumber.json,omniaverse,791696.4384,430
filter_reentrancy.json,oneledger,1060140.254,0.15
filter_reentrancy.json,openocean,21324391.54,0.15
filter_reentrancy.json,open-platform,267.4968,0.15
filter_reentrancy.json,origin-protocol,586.845,9296.11
filter_reentrancy.json,ost,22502.61379,18.27
filter_constant-chainID.json,ost,22502.61379,300
filter_operateBlocknumber.json,ost,22502.61379,263.89
filter_operateBlocknumber.json,paal-ai,2850,3468.13
filter_operateBlocknumber.json,,0,48.9
filter_const-address.json,paxos-standard-token,10.14558049,48.9
filter_constant-chainID.json,paxos-standard-token,0.815441976,48.9
filter_reentrancy.json,paxos-standard-token,11.14558049,11.41
filter_reentrancy.json,paybolt,102932893,4.61
filter_constant-chainID.json,pchain,0.304,0
filter_reentrancy.json,piccolo-inu,39027112192,0
filter_const-address.json,piccolo-inu,37077069992,4810.23
filter_const-address.json,pickle-finance,20982.84952,3931.61
filter_constant-chainID.json,,0,0.77
filter_const-address.json,pnetwork,32078.08269,198.53
filter_reentrancy.json,pochi-inu,19911485.27,0.09
filter_reentrancy.json,polker,211519979.8,0.65
filter_reentrancy.json,polymath,3.196552853,1416.71
filter_constant-chainID.json,polymath,3.196552853,1429.19
filter_operateBlocknumber.json,polymath,3.196552853,1539.67
filter_const-address.json,pop-chest-token,68859.35,16.54
filter_const-address.json,,0,5319.73
filter_reentrancy.json,power-ledger,51.383536,0
filter_reentrancy.json,project-galaxy,251.7806634,343.73
filter_reentrancy.json,proton,0.0005,8583.77
filter_operateBlocknumber.json,proton,0.0005,13.79
filter_constant-chainID.json,proton,0.0005,6.46
filter_reentrancy.json,pumapay,15333.53189,871.44
filter_operateBlocknumber.json,pumapay,15333.53189,205.72
filter_constant-chainID.json,pumapay,15333.53189,12858.43
filter_reentrancy.json,pundi-x,731408.2717,0.38
filter_constant-chainID.json,pundi-x,728819.169,428.68
filter_operateBlocknumber.json,pundi-x,726427.2203,1483.17
filter_const-address.json,,0,0
filter_constant-chainID.json,qash,5.697504,24602.09
filter_operateBlocknumber.json,qash,5.697504,13277.78
filter_reentrancy.json,qash,5.697504,7301.26
filter_reentrancy.json,quadrant-protocol,1353655.174,19.41
filter_operateBlocknumber.json,quant,2.19270648,0
filter_reentrancy.json,quant,28.81700594,1367.48
filter_const-address.json,quant,0.151774982,3370.68
filter_constant-chainID.json,quant,2.49270648,18274.49
filter_reentrancy.json,quarkchain,3715.376384,0
filter_constant-chainID.json,quarkchain,3715.376384,0
filter_operateBlocknumber.json,quarkchain,3715.376384,0
filter_operateBlocknumber.json,quick,0.14324801,383.87
filter_reentrancy.json,radio-caca,14189.34741,1939.45
filter_operateBlocknumber.json,raiden-network-token,1.00E-18,0
filter_reentrancy.json,raiden-network-token,0.0038,0
filter_reentrancy.json,rai-finance,169485.8444,0
filter_operateBlocknumber.json,rarible,1000.41,0
filter_reentrancy.json,rbx-token,225.2252252,0.02
filter_operateBlocknumber.json,reef,71175.33747,11263.39
filter_operateBlocknumber.json,refereum,1046.61,35640
filter_reentrancy.json,renbtc,1.00E-05,279.09
filter_operateBlocknumber.json,republic-protocol,17426.58777,279.09
filter_constant-chainID.json,republic-protocol,16176.18777,0
filter_const-address.json,republic-protocol,16034.91188,37526.07
filter_reentrancy.json,republic-protocol,187.1777686,53287.22
filter_reentrancy.json,rio-defi,1670371.54,0.03
filter_const-address.json,ripio-credit-network,6.00E-18,0.03
filter_constant-chainID.json,ripio-credit-network,130064.9428,0.03
filter_constant-chainID.json,rlc,2641.16044,0
filter_operateBlocknumber.json,rollbit-coin,127,7.19
filter_reentrancy.json,safemoon-inu,5386926.385,0
filter_operateBlocknumber.json,sai,8.680258203,0
filter_reentrancy.json,sai,542.5498946,20620.02
filter_constant-chainID.json,sai,36.76961841,29.69
filter_operateBlocknumber.json,saiko-the-revival,86056.32512,0.98
filter_const-address.json,saitama-inu,216151.3043,384.16
filter_reentrancy.json,saitama-inu,747853.8425,164.89
filter_operateBlocknumber.json,sanshu-inu,1.03E+14,0.12
filter_operateBlocknumber.json,scarcity,234.7751306,5987.79
filter_reentrancy.json,sentinel-protocol,135120.75,34875901.53
filter_reentrancy.json,shadows,1240660.859,0.92
filter_operateBlocknumber.json,shapeshift-fox-token,200,14.27
filter_reentrancy.json,shibadoge,1.27E+19,3.37
filter_reentrancy.json,shiba-inu,696967395.9,0.06
filter_operateBlocknumber.json,shiba-inu,128553720.6,0.66
filter_const-address.json,shiba-inu,52154174.31,368.65
filter_const-address.json,shibaken-finance,11591706,93.49
filter_constant-chainID.json,shibaken-finance,3.82E+12,6.66
filter_reentrancy.json,,0,40.51
filter_reentrancy.json,shibaken-finance,7.78E+12,2768679.57
filter_const-address.json,shiba-nodes,26292285.49,28722.23
filter_operateBlocknumber.json,shibarium-dao,20204689.55,25.31
filter_const-address.json,shih-tzu,1.25E+14,102872.32
filter_reentrancy.json,shih-tzu,1.25E+14,9.71
filter_reentrancy.json,shinji-inu,1.24E+20,1.06
filter_operateBlocknumber.json,sifchain,1.73E-13,1.06
filter_reentrancy.json,sirin-labs-token,54.67037713,348.96
filter_constant-chainID.json,skale,103942.7588,0.03
filter_reentrancy.json,small-doge,1.98E+11,0.02
filter_reentrancy.json,snibbu,11036.70386,0.02
filter_const-address.json,snibbu,11036.70386,292.29
filter_reentrancy.json,sopay,32,0
filter_constant-chainID.json,spaceswap-milk2,2344841.382,0
filter_reentrancy.json,spacey-2025,1225149.051,12010.52
filter_reentrancy.json,spankchain,4.743080424,1938.15
filter_constant-chainID.json,spankchain,4.743080424,37.95
filter_operateBlocknumber.json,spankchain,4.743080424,15063.56
filter_operateBlocknumber.json,spell-token,9.91E-12,32291.54
filter_reentrancy.json,spherium,1000,0
filter_reentrancy.json,stackos,41898975.44,43.34
filter_const-address.json,,0,2.79
filter_operateBlocknumber.json,staked-ether,6.347863982,0
filter_const-address.json,staked-ether,1.00E-18,0
filter_reentrancy.json,starlink,8888888,0
filter_constant-chainID.json,stasis-eurs,0.91,0.01
filter_reentrancy.json,stats,378.8759101,0
filter_const-address.json,stats,882.6934144,7.76
filter_constBlocknumber.json,status,136649.0661,3.62
filter_operateBlocknumber.json,status,795913288.5,3.62
filter_constant-chainID.json,status,2.66745705,3.62
filter_reentrancy.json,status,20.97835705,599296.3
filter_reentrancy.json,storj,5.012,0
filter_operateBlocknumber.json,storj,21.24,7942.57
filter_operateBlocknumber.json,streamr-xdata,5198.409405,14.75
filter_constBlocknumber.json,streamr-xdata,9.26307535,2.18
filter_constant-chainID.json,streamr-xdata,0.787599511,0.85
filter_reentrancy.json,streamr-xdata,1318.338608,3.11
filter_operateBlocknumber.json,strong,1.417714286,25783
filter_reentrancy.json,studentcoin,11686.44716,0
filter_operateBlocknumber.json,sudoswap,14892500,0
filter_constant-chainID.json,sunrise,115717451,0.21
filter_operateBlocknumber.json,sushi,62727.02515,9.52
filter_const-address.json,sushi,15.43238124,0.66
filter_operateBlocknumber.json,swerve-dao,517.9724935,10.65
filter_constant-chainID.json,swftcoin,161,0.66
filter_reentrancy.json,swftcoin,161,2899.78
filter_operateBlocknumber.json,swingby,915760.9262,2888.35
filter_reentrancy.json,swtcoin,20000,37421.11
filter_operateBlocknumber.json,swtcoin,20000,0
filter_constant-chainID.json,swtcoin,40078.10568,19069.96
filter_constBlocknumber.json,synapse-2,247.7058,2.9
filter_reentrancy.json,tax-haven-inu,5.19E+19,913.96
filter_operateBlocknumber.json,terrausd-wormhole,2.11E-13,0.58
filter_operateBlocknumber.json,tether,15083.57487,0.58
filter_constBlocknumber.json,tether,38,6860.49
filter_constant-chainID.json,tether,1940.728362,164.7
filter_reentrancy.json,tether,32334.44973,0
filter_const-address.json,tether,12026.47467,3705.52
filter_operateBlocknumber.json,the-graph,2.17E-05,4273.66
filter_operateBlocknumber.json,the-sandbox,71,9.16
filter_reentrancy.json,tiger-king,2582848,18431.53
filter_constant-chainID.json,tokenclub,8.66E-09,73123.94
filter_reentrancy.json,tokenclub,8.66E-09,39360.54
filter_const-address.json,,0,4780.69
filter_reentrancy.json,tokenize-xchange,0.00010476,93.54
filter_const-address.json,tokenize-xchange,0.00010605,1.67
filter_operateBlocknumber.json,tokenize-xchange,0.00045344,3176532.75
filter_constant-chainID.json,tokpie,10.8553,90968.94
filter_reentrancy.json,tomochain,4.029789829,4558.42
filter_constant-chainID.json,tomochain,4.029789829,4663.25
filter_operateBlocknumber.json,tomochain,4.029789829,7616.14
filter_reentrancy.json,torum,9206063.135,2.61
filter_const-address.json,totoro-inu,3.45E+13,1979011.86
filter_reentrancy.json,tradestars,3258087.418,1468.56
filter_reentrancy.json,tradix,5054.468654,150691.46
filter_reentrancy.json,tranche-finance,21.91979786,36342.82
filter_constant-chainID.json,tranche-finance,56.31501533,67991.57
filter_operateBlocknumber.json,tribe-2,6.55376355,9468.57
filter_reentrancy.json,tribe-2,54289.59511,2.49
filter_reentrancy.json,tronclassic,8.94E-09,2.49
filter_constant-chainID.json,tronclassic,8.95E-09,472.95
filter_const-address.json,,0,11387.72
filter_const-address.json,truefi,1.61757266,10154.45
filter_const-address.json,trueusd,9.526324746,6265.15
filter_constant-chainID.json,trueusd,0.663796562,4645.14
filter_reentrancy.json,trueusd,0.663796562,29.68
filter_operateBlocknumber.json,trueusd,10.65102798,0
filter_const-address.json,uma,763.1012653,0.14
filter_operateBlocknumber.json,unfederalreserve,822505.1275,0.15
filter_operateBlocknumber.json,uni-ald-weth-0xed6c2f053af48cba6cbc0958124671376f01a903,902.5320207,0
filter_const-address.json,uni-bac-dai-0xd4405f0704621dbe9d4dea60e128e0c3b26bddbd,4.45E-14,0.15
filter_operateBlocknumber.json,uni-band-weth-0xf421c3f2e695c2d4c0765379ccace8ade4a480d9,60.79393992,2.27
filter_reentrancy.json,uni-boost-weth-0xbc6d37be25b06471d9e094dbb800c1d006e5a9ed,0.70352942,46.4
filter_reentrancy.json,unibright,6,112.89
filter_operateBlocknumber.json,unibright,6,0.47
filter_const-address.json,,0,0
filter_constant-chainID.json,unibright,9506,0.54
filter_operateBlocknumber.json,uni-chedda-weth-0x32a505bf9db617d23bf3ebaac9aef80cb24a828c,19188.28622,0.54
filter_operateBlocknumber.json,uni-coshi-weth-0x1c6faf9ad252390ee5e6f0b2f8d2fc927a8eb4e6,1.523238014,0.54
filter_operateBlocknumber.json,uni-cream-weth-0xddf9b7a31b32ebaf5c064c80900046c9e5b7c65f,7.77E-16,88533.21
filter_operateBlocknumber.json,uni-cvp-weth-0x12d4444f96c644385d8ab355f6ddf801315b6254,22.35734916,6841.79
filter_operateBlocknumber.json,uni-dai-weth-0xa478c2975ab1ea89e8196811f51a7b7ade33eb11,22.59609325,0
filter_const-address.json,,0,770.26
filter_const-address.json,unidex,5.421614426,16227.45
filter_const-address.json,,0,988.6
filter_operateBlocknumber.json,uni-elon-weth-0x7b73644935b8e68019ac6356c40661e1bc315860,152407.1274,0
filter_operateBlocknumber.json,uni-ersdl-weth-0x7ba9b94127d434182287de708643932ec036d365,5572.024568,25730.29
filter_const-address.json,,0,0.06
filter_operateBlocknumber.json,uni-kimchi-weth-0xc4da39e646e7f5d233b89ca0f7b75344e7ddb2cc,55381.61295,0.27
filter_operateBlocknumber.json,uni-moma-weth-0x611abc072ee91c0cc19ffef97ac7e69a1a7a17ec,538.6351772,0.27
filter_const-address.json,,0,0.27
filter_const-address.json,,0,461.37
filter_const-address.json,,0,248.12
filter_operateBlocknumber.json,uni-pickle-weth-0xdc98556ce24f007a5ef6dc1ce96322d65832a819,0.428706093,3929058.42
filter_constant-chainID.json,unique-utility-token,342,1602385.46
filter_reentrancy.json,uni-shibdoge-weth-0x3016a43b482d0480460f6625115bd372fe90c6bf,121314264.9,568.38
filter_operateBlocknumber.json,uni-susd-weth-0xf80758ab42c3b07da84053fd88804bcb6baa4b5c,391.0331343,1248.86
filter_operateBlocknumber.json,uniswap,415.0073705,570.77
filter_const-address.json,uniswap,405.6780023,1139.15
filter_reentrancy.json,uniswap,677.8001035,0
filter_operateBlocknumber.json,uni-usdc-usdt-0x3041cbd36888becc7bbcbc0045e3b1f144466f5f,1.00E-12,0
filter_operateBlocknumber.json,uni-usdc-weth-0xb4e16d0168e52d35cacd2c6185b44281ec28c9dc,0.007470654,1676.59
filter_operateBlocknumber.json,uni-weth-hoge-0x7fd1de95fc975fbbd8be260525758549ec477960,0.030448989,0
filter_operateBlocknumber.json,uni-weth-msi-0x6e48dbea2d3b37e4d605fda71e85c52ebc40aa40,921878.2164,0
filter_operateBlocknumber.json,uni-weth-usdt-0x0d4a11d5eeaac28ec3f61d100daf4d40471f1852,0.000128028,0
filter_operateBlocknumber.json,uni-weth-yasha-0x3b35a99780fc2c85943e67a901f10bd7317fec75,2076505.091,0
filter_operateBlocknumber.json,uni-yfi-weth-0x2fdbadf3c4d5a8666bc06645b8358ab803996e28,0.351172636,0
filter_const-address.json,upcx,1,32.9
filter_reentrancy.json,upcx,1,32.9
filter_reentrancy.json,usd-coin,4654.442128,32.9
filter_gasleft.json,usd-coin,473.899839,40.05
filter_operateBlocknumber.json,usd-coin,6277.691231,3.82
filter_const-address.json,usd-coin,11410.51935,27.35
filter_constant-chainID.json,usd-coin,10174.77449,0.71
filter_operateBlocknumber.json,value-liquidity,0.036864,0
filter_constant-chainID.json,value-liquidity,802.2520408,785.12
filter_reentrancy.json,verasity,18.57937602,602098.97
filter_constant-chainID.json,veritaseum,0.00576812,715.85
filter_reentrancy.json,veritaseum,0.00576812,0
filter_operateBlocknumber.json,veritaseum,7.55E-10,0
filter_reentrancy.json,very-special-dragon,618151.8208,0
filter_reentrancy.json,vetme,15000,0.06
filter_const-address.json,vinlink,46457197.4,0.47
filter_constant-chainID.json,voxel-x-network,236.29365,0.03
filter_constant-chainID.json,waltonchain,0.222406737,0.45
filter_operateBlocknumber.json,wepower,1500,9.2
filter_constant-chainID.json,wepower,1500,0.11
filter_reentrancy.json,wepower,1500.000027,9.2
filter_constBlocknumber.json,weth,1.00E-07,
filter_reentrancy.json,,0,
filter_operateBlocknumber.json,weth,0.23629624,
filter_const-address.json,weth,27.15967562,
filter_constant-chainID.json,weth,2.098883608,
filter_reentrancy.json,weth,4.978158013,
filter_operateBlocknumber.json,whale,1280.7282,
filter_operateBlocknumber.json,white-rhinoceros,12036.00312,
filter_reentrancy.json,witch-token,78877.65364,
filter_reentrancy.json,wliti,13,
filter_reentrancy.json,worldcore,907,
filter_constant-chainID.json,worldcore,907,
filter_operateBlocknumber.json,worldcore,907,
filter_operateBlocknumber.json,wpt-investing-corp,27360.67382,
filter_const-address.json,wrapped-bitcoin,0.00379368,
filter_reentrancy.json,wrapped-bitcoin,24.4998082,
filter_operateBlocknumber.json,wrapped-bitcoin,60.07367158,
filter_reentrancy.json,wrapped-fantom,1286.450438,
filter_reentrancy.json,,0,
filter_constant-chainID.json,wrapped-fantom,1410.345191,
filter_operateBlocknumber.json,wrapped-fantom,644.5774603,
filter_const-address.json,wrapped-fantom,641.872978,
filter_const-address.json,wrapped-nxm,3.21E-05,
filter_reentrancy.json,wrapped-nxm,3.21E-05,
filter_const-address.json,wrapped-steth,0.440820431,
filter_reentrancy.json,xceltoken-plus,50,
filter_operateBlocknumber.json,xceltoken-plus,150,
filter_constant-chainID.json,xceltoken-plus,150,
filter_const-address.json,xen-crypto,9684.457063,
filter_operateBlocknumber.json,xen-crypto,1000,
filter_constant-chainID.json,xyo-network,3500,
filter_operateBlocknumber.json,xyo-network,3500,
filter_reentrancy.json,xyo-network,3500,
filter_operateBlocknumber.json,yasha-dao,15000465.71,
filter_operateBlocknumber.json,yearn-finance,0.003374162,
filter_const-address.json,yearn-finance,0.00047158,
filter_reentrancy.json,yearn-finance,8.71E-05,
filter_reentrancy.json,yflink,6.90E-05,
filter_operateBlocknumber.json,yield-app,9427.687493,
filter_constant-chainID.json,yield-guild-games,436303.5981,
filter_const-address.json,yvyfi-0xe14d13d8b3b85af791b2aadd661cdbd5e6097db1,0.082226552,
filter_reentrancy.json,zebi,13.86923227,
filter_operateBlocknumber.json,zebi,13.86923227,
filter_constant-chainID.json,zebi,13.86923227,
filter_const-address.json,zeniq,1.49184778,
filter_reentrancy.json,zeniq,11.64494567,
filter_operateBlocknumber.json,zeon,95,
filter_operateBlocknumber.json,zion-token,69,
filter_operateBlocknumber.json,zombie-inu-2,96,
filter_const-address.json,zombie-inu-2,7937.8175,
filter_reentrancy.json,zombie-inu-2,7937.8175,
